Hour,Year,Day,DOY,Latitude,Longitude,Month,Electron_density_Ne,o+,NO,TEC,hmF2,foF2,profundidad,magnitud,tec_GIM
1,2017,1,244,14.7,261.98,9,4.90E+11,99,0.1,10.3,261.6,6.503,,,22
2,2017,1,244,14.7,261.98,9,3.10E+11,99.7,0.1,6.1,273.8,5.071,,,15.2
3,2017,1,244,14.7,261.98,9,2.04E+11,99.7,0.2,3.8,299.8,4.055,,,10.1
4,2017,1,244,14.7,261.98,9,1.50E+11,99.7,0.2,3,319.5,3.637,,,8.4
5,2017,1,244,14.7,261.98,9,1.39E+11,99.7,0.2,2.8,322.5,3.544,,,8
6,2017,1,244,14.7,261.98,9,1.44E+11,99.7,0.1,2.8,314.6,3.486,,,7.9
7,2017,1,244,14.7,261.98,9,1.50E+11,99.7,0.1,2.8,303.6,3.479,,,7.7
8,2017,1,244,14.7,261.98,9,1.53E+11,99.7,0.1,2.9,297.5,3.509,64.40,3.70,8.3
9,2017,1,244,14.7,261.98,9,1.36E+11,99.7,0.2,2.6,297.7,3.313,,,8
10,2017,1,244,14.7,261.98,9,1.06E+11,99.6,0.2,2.1,298.8,2.922,,,6.2
11,2017,1,244,14.7,261.98,9,1.05E+11,99.6,0.2,2.2,291.6,2.918,148.90,3.50,7.4
12,2017,1,244,14.7,261.98,9,1.65E+11,97.5,0.6,3.6,274.6,3.691,,,6.5
13,2017,1,244,14.7,261.98,9,2.65E+11,97.2,0.6,6.5,258.2,4.785,100.00,4.40,6
14,2017,1,244,14.7,261.98,9,3.45E+11,97.8,0.4,8.8,254,5.512,176.60,3.80,11.9
15,2017,1,244,14.7,261.98,9,4.06E+11,98.1,0.3,10.3,262.3,5.905,,,13.7
16,2017,1,244,14.7,261.98,9,5.10E+11,98.5,0.2,12.7,275,6.504,,,14.1
17,2017,1,244,14.7,261.98,9,6.88E+11,98.8,0.1,16.5,286.3,7.477,93.00,3.50,16
18,2017,1,244,14.7,261.98,9,8.92E+11,99,0.1,21,293.3,8.487,,,18.9
19,2017,1,244,14.7,261.98,9,1.07E+12,99.2,0.1,24.7,293.7,9.28,,,23.3
20,2017,1,244,14.7,261.98,9,1.19E+12,99.2,0.1,27.2,288,9.851,,,30.5
21,2017,1,244,14.7,261.98,9,1.25E+12,99.2,0.1,27.7,281.9,10.116,63.70,3.40,32.2
22,2017,1,244,14.7,261.98,9,1.18E+12,99.2,0.1,25.8,276.3,9.904,,,32.9
23,2017,1,244,14.7,261.98,9,9.90E+11,99.1,0.1,21.7,268.2,9.178,,,32.9
1,2017,2,245,14.7,261.98,9,4.99E+11,99,0.1,10.5,261,6.568,,,25.2
2,2017,2,245,14.7,261.98,9,3.14E+11,99.7,0.1,6.1,273.5,5.105,,,21.5
3,2017,2,245,14.7,261.98,9,2.06E+11,99.7,0.2,3.8,299.8,4.078,,,14.6
4,2017,2,245,14.7,261.98,9,1.51E+11,99.6,0.2,3,319.5,3.657,50.00,3.70,11.2
5,2017,2,245,14.7,261.98,9,1.40E+11,99.7,0.2,2.9,322.4,3.559,,,10
6,2017,2,245,14.7,261.98,9,1.45E+11,99.7,0.2,2.8,314.5,3.496,,,8.4
7,2017,2,245,14.7,261.98,9,1.50E+11,99.7,0.2,2.8,303.5,3.487,93.70,3.50,8.2
8,2017,2,245,14.7,261.98,9,1.53E+11,99.7,0.2,2.9,297.4,3.511,,,8.4
9,2017,2,245,14.7,261.98,9,1.36E+11,99.7,0.2,2.6,297.6,3.313,105.80,4.10,8.2
10,2017,2,245,14.7,261.98,9,1.06E+11,99.6,0.2,2.1,298.6,2.922,127.00,3.40,6.6
10,2017,2,245,14.7,261.98,9,1.06E+11,99.6,0.2,2.1,298.6,2.922,44.40,3.80,6.6
11,2017,2,245,14.7,261.98,9,1.06E+11,99.6,0.2,2.2,291.5,2.924,,,6.4
12,2017,2,245,14.7,261.98,9,1.66E+11,97.5,0.6,3.6,274.6,3.704,,,5.2
13,2017,2,245,14.7,261.98,9,2.66E+11,97.2,0.6,6.5,258.1,4.798,,,5.6
14,2017,2,245,14.7,261.98,9,3.46E+11,97.8,0.4,8.8,253.8,5.523,,,11.5
15,2017,2,245,14.7,261.98,9,4.07E+11,98.1,0.3,10.3,262,5.914,,,12.4
16,2017,2,245,14.7,261.98,9,5.11E+11,98.5,0.2,12.7,274.5,6.513,,,15.1
17,2017,2,245,14.7,261.98,9,6.88E+11,98.8,0.1,16.5,285.8,7.481,,,17.8
18,2017,2,245,14.7,261.98,9,8.92E+11,99,0.1,21,292.8,8.488,,,21.2
19,2017,2,245,14.7,261.98,9,1.07E+12,99.2,0.1,24.7,293.1,9.283,,,25.5
20,2017,2,245,14.7,261.98,9,1.20E+12,99.2,0.1,27.2,287.4,9.857,,,31.1
21,2017,2,245,14.7,261.98,9,1.25E+12,99.2,0.1,27.8,281.2,10.123,94.40,3.60,32.7
22,2017,2,245,14.7,261.98,9,1.18E+12,99.2,0.1,25.8,275.6,9.904,,,33.1
23,2017,2,245,14.7,261.98,9,9.85E+11,99.1,0.1,21.6,267.5,9.165,,,33.6
0,2017,3,246,14.7,261.98,9,7.32E+11,98.8,0.1,16.1,259.8,8.001,17.20,3.70,30.1
1,2017,3,246,14.7,261.98,9,4.94E+11,99,0.1,10.4,260.5,6.539,,,21
2,2017,3,246,14.7,261.98,9,3.10E+11,99.7,0.1,6.1,273.2,5.07,,,12.2
3,2017,3,246,14.7,261.98,9,2.03E+11,99.7,0.2,3.8,299.7,4.041,,,9.1
4,2017,3,246,14.7,261.98,9,1.49E+11,99.7,0.2,3,319.5,3.627,,,8.5
5,2017,3,246,14.7,261.98,9,1.39E+11,99.7,0.2,2.8,322.4,3.537,,,8.1
6,2017,3,246,14.7,261.98,9,1.44E+11,99.7,0.1,2.8,314.5,3.478,96.40,3.90,8.2
7,2017,3,246,14.7,261.98,9,1.49E+11,99.7,0.1,2.8,303.4,3.473,,,7.7
8,2017,3,246,14.7,261.98,9,1.52E+11,99.7,0.1,2.9,297.2,3.498,,,7.3
9,2017,3,246,14.7,261.98,9,1.35E+11,99.7,0.1,2.6,297.4,3.296,,,6.2
10,2017,3,246,14.7,261.98,9,1.05E+11,99.7,0.2,2.1,298.5,2.906,,,6.7
11,2017,3,246,14.7,261.98,9,1.05E+11,99.7,0.2,2.2,291.5,2.915,,,6.1
12,2017,3,246,14.7,261.98,9,1.66E+11,97.5,0.6,3.6,274.6,3.704,,,6.5
13,2017,3,246,14.7,261.98,9,2.67E+11,97.2,0.5,6.5,258.1,4.805,,,11.7
14,2017,3,246,14.7,261.98,9,3.48E+11,97.8,0.4,8.9,253.7,5.539,64.20,3.90,14.4
14,2017,3,246,14.7,261.98,9,3.48E+11,97.8,0.4,8.9,253.7,5.539,10.90,3.80,14.4
14,2017,3,246,14.7,261.98,9,3.48E+11,97.8,0.4,8.9,253.7,5.539,11.30,4.00,14.4
15,2017,3,246,14.7,261.98,9,4.11E+11,98.1,0.3,10.4,261.6,5.942,106.20,3.70,16.8
16,2017,3,246,14.7,261.98,9,5.16E+11,98.4,0.2,12.8,274,6.551,,,20.4
17,2017,3,246,14.7,261.98,9,6.94E+11,98.8,0.1,16.6,285.3,7.52,,,26
18,2017,3,246,14.7,261.98,9,8.98E+11,99,0.1,21.1,292.3,8.52,,,31
19,2017,3,246,14.7,261.98,9,1.07E+12,99.1,0.1,24.8,292.6,9.308,18.80,3.90,41.6
20,2017,3,246,14.7,261.98,9,1.20E+12,99.2,0.1,27.2,286.7,9.873,173.80,3.80,47.3
21,2017,3,246,14.7,261.98,9,1.25E+12,99.2,0.1,27.8,280.6,10.129,,,48.3
22,2017,3,246,14.7,261.98,9,1.17E+12,99.2,0.1,25.7,274.9,9.894,,,46.3
23,2017,3,246,14.7,261.98,9,9.76E+11,99,0.1,21.5,266.8,9.139,,,33.3
1,2017,4,247,14.7,261.98,9,4.84E+11,98.9,0.2,10.2,259.9,6.478,99.40,3.90,23
2,2017,4,247,14.7,261.98,9,3.02E+11,99.7,0.1,5.9,272.9,5.008,,,17.5
3,2017,4,247,14.7,261.98,9,1.97E+11,99.6,0.2,3.7,299.7,3.988,65.90,3.70,10.6
4,2017,4,247,14.7,261.98,9,1.46E+11,99.6,0.2,2.9,319.5,3.583,,,9.1
5,2017,4,247,14.7,261.98,9,1.36E+11,99.6,0.2,2.8,322.4,3.499,,,7.7
6,2017,4,247,14.7,261.98,9,1.41E+11,99.7,0.2,2.7,314.4,3.447,80.60,4.00,7.8
7,2017,4,247,14.7,261.98,9,1.47E+11,99.7,0.2,2.8,303.3,3.449,137.90,4.00,7.7
8,2017,4,247,14.7,261.98,9,1.50E+11,99.7,0.2,2.8,297.1,3.478,17.10,4.20,7.4
9,2017,4,247,14.7,261.98,9,1.33E+11,99.6,0.2,2.5,297.2,3.276,95.80,3.90,6.4
10,2017,4,247,14.7,261.98,9,1.04E+11,99.6,0.2,2,298.3,2.889,,,7
11,2017,4,247,14.7,261.98,9,1.05E+11,99.6,0.2,2.1,291.4,2.907,,,6.7
12,2017,4,247,14.7,261.98,9,1.67E+11,97.2,0.7,3.6,274.6,3.706,,,7.3
13,2017,4,247,14.7,261.98,9,2.68E+11,96.8,0.7,6.5,258.1,4.814,,,10.9
14,2017,4,247,14.7,261.98,9,3.49E+11,97.5,0.4,8.9,253.5,5.554,17.00,4.20,13.4
15,2017,4,247,14.7,261.98,9,4.13E+11,97.8,0.3,10.5,261.3,5.967,83.70,3.80,16.4
16,2017,4,247,14.7,261.98,9,5.21E+11,98.2,0.2,12.9,273.5,6.585,,,20.3
17,2017,4,247,14.7,261.98,9,7.01E+11,98.7,0.1,16.8,284.7,7.557,,,23.8
18,2017,4,247,14.7,261.98,9,9.06E+11,98.9,0.1,21.2,291.7,8.558,,,25.7
19,2017,4,247,14.7,261.98,9,1.08E+12,99,0.1,25,292,9.347,,,30.7
20,2017,4,247,14.7,261.98,9,1.21E+12,99.1,0.1,27.4,286.1,9.913,,,29.3
21,2017,4,247,14.7,261.98,9,1.26E+12,99.1,0.1,28,279.9,10.173,,,33.5
22,2017,4,247,14.7,261.98,9,1.18E+12,99.1,0.1,25.9,274.2,9.935,,,35.1
23,2017,4,247,14.7,261.98,9,9.80E+11,98.9,0.1,21.6,266.1,9.169,,,33.4
1,2017,5,248,14.7,261.98,9,4.81E+11,98.8,0.2,10.2,259.3,6.466,,,21.2
2,2017,5,248,14.7,261.98,9,2.99E+11,99.6,0.2,5.9,272.6,4.986,,,12.4
3,2017,5,248,14.7,261.98,9,1.95E+11,99.5,0.3,3.6,299.7,3.967,,,9.8
4,2017,5,248,14.7,261.98,9,1.45E+11,99.4,0.3,2.9,319.6,3.569,,,8.9
5,2017,5,248,14.7,261.98,9,1.35E+11,99.4,0.3,2.8,322.4,3.49,86.20,3.80,7.7
6,2017,5,248,14.7,261.98,9,1.41E+11,99.5,0.3,2.7,314.4,3.44,119.50,3.40,8.5
7,2017,5,248,14.7,261.98,9,1.47E+11,99.5,0.3,2.8,303.2,3.444,,,8.6
8,2017,5,248,14.7,261.98,9,1.50E+11,99.5,0.3,2.8,297,3.474,,,7.7
9,2017,5,248,14.7,261.98,9,1.33E+11,99.5,0.3,2.5,297.1,3.27,121.70,3.80,6.7
10,2017,5,248,14.7,261.98,9,1.03E+11,99.4,0.3,2,298.2,2.884,19.70,4.00,7.4
10,2017,5,248,14.7,261.98,9,1.03E+11,99.4,0.3,2,298.2,2.884,16.30,3.70,7.4
11,2017,5,248,14.7,261.98,9,1.05E+11,99.3,0.3,2.1,291.3,2.911,,,6.7
12,2017,5,248,14.7,261.98,9,1.68E+11,96.7,1,3.7,274.6,3.723,,,6.6
13,2017,5,248,14.7,261.98,9,2.71E+11,95.6,1.2,6.6,258.1,4.842,3.80,3.50,10.6
14,2017,5,248,14.7,261.98,9,3.54E+11,96.6,0.8,9,253.4,5.591,,,13.3
15,2017,5,248,14.7,261.98,9,4.19E+11,97.1,0.5,10.6,260.9,6.014,,,18.3
16,2017,5,248,14.7,261.98,9,5.29E+11,97.7,0.4,13.1,272.9,6.641,,,25.2
17,2017,5,248,14.7,261.98,9,7.11E+11,98.2,0.2,17,284.2,7.617,,,31.2
18,2017,5,248,14.7,261.98,9,9.18E+11,98.6,0.2,21.5,291.2,8.618,137.70,3.80,32.6
19,2017,5,248,14.7,261.98,9,1.09E+12,98.8,0.1,25.3,291.4,9.408,16.00,4.60,36
19,2017,5,248,14.7,261.98,9,1.09E+12,98.8,0.1,25.3,291.4,9.408,15.00,4.00,36
20,2017,5,248,14.7,261.98,9,1.22E+12,98.9,0.1,27.7,285.5,9.974,,,35.8
21,2017,5,248,14.7,261.98,9,1.26E+12,98.9,0.1,28.2,279.3,10.217,,,36.7
22,2017,5,248,14.7,261.98,9,1.18E+12,98.8,0.1,26,273.5,9.954,,,34.8
23,2017,5,248,14.7,261.98,9,9.76E+11,98.6,0.2,21.5,265.4,9.16,,,33.4
1,2017,6,249,14.7,261.98,9,4.73E+11,98.9,0.2,10,258.7,6.42,,,12.4
2,2017,6,249,14.7,261.98,9,2.93E+11,99.7,0.1,5.8,272.3,4.934,67.20,4.00,8.5
3,2017,6,249,14.7,261.98,9,1.90E+11,99.6,0.2,3.5,299.6,3.919,,,6.9
4,2017,6,249,14.7,261.98,9,1.41E+11,99.6,0.2,2.8,319.6,3.527,,,6.1
5,2017,6,249,14.7,261.98,9,1.32E+11,99.6,0.2,2.7,322.4,3.452,,,5.5
6,2017,6,249,14.7,261.98,9,1.38E+11,99.7,0.2,2.7,314.3,3.408,,,6.1
7,2017,6,249,14.7,261.98,9,1.45E+11,99.7,0.2,2.7,303.1,3.418,,,6.8
8,2017,6,249,14.7,261.98,9,1.48E+11,99.7,0.2,2.8,296.8,3.449,76.50,3.60,6
9,2017,6,249,14.7,261.98,9,1.31E+11,99.6,0.2,2.5,296.9,3.244,,,6.1
10,2017,6,249,14.7,261.98,9,1.01E+11,99.6,0.2,2,298.1,2.859,,,5.8
11,2017,6,249,14.7,261.98,9,1.04E+11,99.6,0.2,2.1,291.3,2.893,70.10,3.40,4.6
11,2017,6,249,14.7,261.98,9,1.04E+11,99.6,0.2,2.1,291.3,2.893,95.90,3.90,4.6
12,2017,6,249,14.7,261.98,9,1.67E+11,97.3,0.7,3.6,274.7,3.71,,,5.8
13,2017,6,249,14.7,261.98,9,2.70E+11,96.8,0.7,6.5,258.1,4.83,,,13.4
14,2017,6,249,14.7,261.98,9,3.53E+11,97.5,0.5,9,253.2,5.583,,,15.8
15,2017,6,249,14.7,261.98,9,4.19E+11,97.9,0.3,10.6,260.6,6.017,,,19.7
16,2017,6,249,14.7,261.98,9,5.30E+11,98.3,0.2,13.1,272.4,6.654,,,24.6
17,2017,6,249,14.7,261.98,9,7.14E+11,98.7,0.1,17,283.7,7.632,,,29.3
18,2017,6,249,14.7,261.98,9,9.21E+11,98.9,0.1,21.5,290.7,8.633,,,36.2
19,2017,6,249,14.7,261.98,9,1.10E+12,99.1,0.1,25.3,290.9,9.425,,,42.5
20,2017,6,249,14.7,261.98,9,1.22E+12,99.1,0.1,27.8,284.9,9.994,,,43.1
21,2017,6,249,14.7,261.98,9,1.27E+12,99.1,0.1,28.3,278.6,10.237,30.00,4.20,41.9
22,2017,6,249,14.7,261.98,9,1.18E+12,99.1,0.1,26,272.8,9.969,,,41
23,2017,6,249,14.7,261.98,9,9.74E+11,98.9,0.1,21.5,264.6,9.164,,,27.7
1,2017,7,250,14.7,261.98,9,4.68E+11,98.9,0.2,9.9,258.2,6.391,,,20.9
2,2017,7,250,14.7,261.98,9,2.88E+11,99.6,0.2,5.7,272,4.897,11.80,4.10,14.2
3,2017,7,250,14.7,261.98,9,1.87E+11,99.6,0.2,3.5,299.6,3.885,,,9
4,2017,7,250,14.7,261.98,9,1.39E+11,99.5,0.2,2.8,319.6,3.499,,,7.6
5,2017,7,250,14.7,261.98,9,1.31E+11,99.6,0.2,2.7,322.3,3.429,,,6.8
6,2017,7,250,14.7,261.98,9,1.37E+11,99.6,0.2,2.7,314.3,3.389,,,7.7
7,2017,7,250,14.7,261.98,9,1.43E+11,99.6,0.2,2.7,303,3.403,24.80,4.70,8.2
8,2017,7,250,14.7,261.98,9,1.46E+11,99.6,0.2,2.8,296.7,3.436,16.30,3.80,7.7
9,2017,7,250,14.7,261.98,9,1.29E+11,99.5,0.2,2.5,296.7,3.231,,,7.9
10,2017,7,250,14.7,261.98,9,1.01E+11,99.4,0.3,2,297.9,2.848,,,7.3
11,2017,7,250,14.7,261.98,9,1.04E+11,99.4,0.3,2.1,291.2,2.891,,,5.4
12,2017,7,250,14.7,261.98,9,1.68E+11,97.2,0.8,3.7,274.7,3.718,,,6.8
13,2017,7,250,14.7,261.98,9,2.72E+11,96.5,0.9,6.6,258.1,4.847,,,11.6
14,2017,7,250,14.7,261.98,9,3.56E+11,97.3,0.6,9,253.1,5.61,72.80,3.80,14.4
15,2017,7,250,14.7,261.98,9,4.24E+11,97.7,0.4,10.8,260.2,6.056,159.80,3.60,20
16,2017,7,250,14.7,261.98,9,5.37E+11,98.2,0.3,13.3,271.9,6.703,,,19
17,2017,7,250,14.7,261.98,9,7.23E+11,98.6,0.2,17.3,283.1,7.688,128.90,3.60,25.4
18,2017,7,250,14.7,261.98,9,9.33E+11,98.9,0.1,21.8,290.2,8.692,59.40,3.80,34.1
19,2017,7,250,14.7,261.98,9,1.11E+12,99,0.1,25.6,290.3,9.488,,,40.6
20,2017,7,250,14.7,261.98,9,1.24E+12,99.1,0.1,28.1,284.3,10.06,,,44.6
21,2017,7,250,14.7,261.98,9,1.27E+12,99.1,0.1,28.3,277.9,10.249,93.60,4.10,43.3
22,2017,7,250,14.7,261.98,9,1.16E+12,99,0.1,25.6,272.1,9.893,,,42.2
23,2017,7,250,14.7,261.98,9,9.41E+11,98.8,0.2,20.8,263.9,9.02,,,30
1,2017,8,251,14.7,261.98,9,4.41E+11,98.9,0.3,9.4,257.6,6.207,163.70,3.60,24
2,2017,8,251,14.7,261.98,9,2.68E+11,99.5,0.3,5.3,271.7,4.72,,,24.1
3,2017,8,251,14.7,261.98,9,1.74E+11,99.4,0.3,3.2,299.6,3.743,,,29.6
4,2017,8,251,14.7,261.98,9,1.29E+11,99.3,0.4,2.6,319.6,3.37,45.90,8.20,23.4
5,2017,8,251,14.7,261.98,9,1.21E+11,99.3,0.4,2.5,322.3,3.295,97.70,3.30,21.9
5,2017,8,251,14.7,261.98,9,1.21E+11,99.3,0.4,2.5,322.3,3.295,20.00,4.00,21.9
6,2017,8,251,14.7,261.98,9,1.25E+11,99.4,0.3,2.4,314.2,3.239,4.10,0.26,17.9
6,2017,8,251,14.7,261.98,9,1.25E+11,99.4,0.3,2.4,314.2,3.239,3.50,0.26,17.9
6,2017,8,251,14.7,261.98,9,1.25E+11,99.4,0.3,2.4,314.2,3.239,3.90,0.27,17.9
6,2017,8,251,14.7,261.98,9,1.25E+11,99.4,0.3,2.4,314.2,3.239,3.50,0.27,17.9
6,2017,8,251,14.7,261.98,9,1.25E+11,99.4,0.3,2.4,314.2,3.239,3.60,0.29,17.9
7,2017,8,251,14.7,261.98,9,1.29E+11,99.4,0.3,2.4,303,3.23,4.00,0.30,10.2
7,2017,8,251,14.7,261.98,9,1.29E+11,99.4,0.3,2.4,303,3.23,3.80,0.32,10.2
8,2017,8,251,14.7,261.98,9,1.30E+11,99.4,0.3,2.5,296.5,3.24,17.60,4.60,5.3
8,2017,8,251,14.7,261.98,9,1.30E+11,99.4,0.3,2.5,296.5,3.24,34.90,4.00,5.3
9,2017,8,251,14.7,261.98,9,1.14E+11,99.3,0.3,2.2,296.6,3.032,,,5
10,2017,8,251,14.7,261.98,9,88352000000,99.2,0.4,1.7,297.8,2.669,50.00,4.50,5.8
11,2017,8,251,14.7,261.98,9,91442000000,99.2,0.5,1.9,291.2,2.717,,,6
12,2017,8,251,14.7,261.98,9,1.47E+11,96.8,1.4,3.2,274.7,3.475,16.50,4.70,7.9
13,2017,8,251,14.7,261.98,9,2.34E+11,94.9,2.1,5.7,258.1,4.498,36.70,4.30,9.7
14,2017,8,251,14.7,261.98,9,3.03E+11,96.2,1.3,7.8,252.9,5.177,32.20,4.60,9.7
14,2017,8,251,14.7,261.98,9,3.03E+11,96.2,1.3,7.8,252.9,5.177,16.10,3.70,9.7
14,2017,8,251,14.7,261.98,9,3.03E+11,96.2,1.3,7.8,252.9,5.177,24.30,3.30,9.7
15,2017,8,251,14.7,261.98,9,3.63E+11,96.9,0.9,9.3,259.8,5.603,33.20,4.00,16.9
15,2017,8,251,14.7,261.98,9,3.63E+11,96.9,0.9,9.3,259.8,5.603,60.00,4.20,16.9
16,2017,8,251,14.7,261.98,9,4.62E+11,97.6,0.6,11.6,271.4,6.221,44.50,4.90,23.4
17,2017,8,251,14.7,261.98,9,6.22E+11,98.3,0.3,15,282.6,7.135,29.70,4.10,31.7
17,2017,8,251,14.7,261.98,9,6.22E+11,98.3,0.3,15,282.6,7.135,16.10,4.00,31.7
17,2017,8,251,14.7,261.98,9,6.22E+11,98.3,0.3,15,282.6,7.135,50.00,4.40,31.7
18,2017,8,251,14.7,261.98,9,7.98E+11,98.6,0.2,18.8,289.6,8.042,65.80,4.00,33.6
19,2017,8,251,14.7,261.98,9,9.41E+11,98.8,0.2,21.8,289.7,8.731,6.80,4.30,26.8
19,2017,8,251,14.7,261.98,9,9.41E+11,98.8,0.2,21.8,289.7,8.731,17.10,3.90,26.8
19,2017,8,251,14.7,261.98,9,9.41E+11,98.8,0.2,21.8,289.7,8.731,142.30,3.80,26.8
20,2017,8,251,14.7,261.98,9,1.03E+12,98.9,0.2,23.6,283.7,9.2,28.60,3.70,34.8
20,2017,8,251,14.7,261.98,9,1.03E+12,98.9,0.2,23.6,283.7,9.2,16.00,3.90,34.8
20,2017,8,251,14.7,261.98,9,1.03E+12,98.9,0.2,23.6,283.7,9.2,16.10,3.60,34.8
20,2017,8,251,14.7,261.98,9,1.03E+12,98.9,0.2,23.6,283.7,9.2,16.10,3.50,34.8
21,2017,8,251,14.7,261.98,9,1.06E+12,98.9,0.2,23.8,277.3,9.393,16.10,3.60,43.5
21,2017,8,251,14.7,261.98,9,1.06E+12,98.9,0.2,23.8,277.3,9.393,16.10,3.70,43.5
21,2017,8,251,14.7,261.98,9,1.06E+12,98.9,0.2,23.8,277.3,9.393,101.60,3.70,43.5
21,2017,8,251,14.7,261.98,9,1.06E+12,98.9,0.2,23.8,277.3,9.393,60.60,3.70,43.5
21,2017,8,251,14.7,261.98,9,1.06E+12,98.9,0.2,23.8,277.3,9.393,15.00,4.50,43.5
22,2017,8,251,14.7,261.98,9,9.85E+11,98.8,0.2,21.8,271.4,9.116,19.30,4.50,48.5
22,2017,8,251,14.7,261.98,9,9.85E+11,98.8,0.2,21.8,271.4,9.116,15.00,4.60,48.5
22,2017,8,251,14.7,261.98,9,9.85E+11,98.8,0.2,21.8,271.4,9.116,41.90,4.30,48.5
23,2017,8,251,14.7,261.98,9,8.04E+11,98.6,0.2,17.9,263.2,8.349,27.70,3.90,27.7
23,2017,8,251,14.7,261.98,9,8.04E+11,98.6,0.2,17.9,263.2,8.349,16.00,3.60,27.7
23,2017,8,251,14.7,261.98,9,8.04E+11,98.6,0.2,17.9,263.2,8.349,16.30,4.10,27.7
23,2017,8,251,14.7,261.98,9,8.04E+11,98.6,0.2,17.9,263.2,8.349,16.40,4.10,27.7
23,2017,8,251,14.7,261.98,9,8.04E+11,98.6,0.2,17.9,263.2,8.349,20.00,3.30,27.7
1,2017,9,252,14.7,261.98,9,3.82E+11,98.9,0.3,8.2,257.1,5.787,16.00,4.20,14.7
1,2017,9,252,14.7,261.98,9,3.82E+11,98.9,0.3,8.2,257.1,5.787,75.20,4.10,14.7
1,2017,9,252,14.7,261.98,9,3.82E+11,98.9,0.3,8.2,257.1,5.787,16.70,4.50,14.7
1,2017,9,252,14.7,261.98,9,3.82E+11,98.9,0.3,8.2,257.1,5.787,69.60,3.90,14.7
1,2017,9,252,14.7,261.98,9,3.82E+11,98.9,0.3,8.2,257.1,5.787,16.20,3.60,14.7
1,2017,9,252,14.7,261.98,9,3.82E+11,98.9,0.3,8.2,257.1,5.787,55.30,4.50,14.7
1,2017,9,252,14.7,261.98,9,3.82E+11,98.9,0.3,8.2,257.1,5.787,75.30,4.30,14.7
1,2017,9,252,14.7,261.98,9,3.82E+11,98.9,0.3,8.2,257.1,5.787,16.60,3.70,14.7
2,2017,9,252,14.7,261.98,9,2.35E+11,99.5,0.2,4.7,271.4,4.42,20.00,3.80,8.1
2,2017,9,252,14.7,261.98,9,2.35E+11,99.5,0.2,4.7,271.4,4.42,16.20,4.40,8.1
2,2017,9,252,14.7,261.98,9,2.35E+11,99.5,0.2,4.7,271.4,4.42,20.00,3.30,8.1
2,2017,9,252,14.7,261.98,9,2.35E+11,99.5,0.2,4.7,271.4,4.42,16.70,4.10,8.1
3,2017,9,252,14.7,261.98,9,1.53E+11,99.5,0.3,2.9,299.5,3.511,16.10,4.10,7.5
3,2017,9,252,14.7,261.98,9,1.53E+11,99.5,0.3,2.9,299.5,3.511,20.00,4.00,7.5
3,2017,9,252,14.7,261.98,9,1.53E+11,99.5,0.3,2.9,299.5,3.511,16.40,3.70,7.5
3,2017,9,252,14.7,261.98,9,1.53E+11,99.5,0.3,2.9,299.5,3.511,76.80,3.40,7.5
3,2017,9,252,14.7,261.98,9,1.53E+11,99.5,0.3,2.9,299.5,3.511,20.00,4.10,7.5
4,2017,9,252,14.7,261.98,9,1.15E+11,99.4,0.3,2.3,319.6,3.182,10.00,4.30,6.2
4,2017,9,252,14.7,261.98,9,1.15E+11,99.4,0.3,2.3,319.6,3.182,20.00,4.10,6.2
4,2017,9,252,14.7,261.98,9,1.15E+11,99.4,0.3,2.3,319.6,3.182,16.20,4.60,6.2
4,2017,9,252,14.7,261.98,9,1.15E+11,99.4,0.3,2.3,319.6,3.182,10.70,4.20,6.2
4,2017,9,252,14.7,261.98,9,1.15E+11,99.4,0.3,2.3,319.6,3.182,23.40,5.60,6.2
5,2017,9,252,14.7,261.98,9,1.10E+11,99.5,0.3,2.3,322.3,3.142,17.20,4.60,5.7
5,2017,9,252,14.7,261.98,9,1.10E+11,99.5,0.3,2.3,322.3,3.142,22.70,4.00,5.7
5,2017,9,252,14.7,261.98,9,1.10E+11,99.5,0.3,2.3,322.3,3.142,10.80,3.90,5.7
5,2017,9,252,14.7,261.98,9,1.10E+11,99.5,0.3,2.3,322.3,3.142,25.20,3.90,5.7
5,2017,9,252,14.7,261.98,9,1.10E+11,99.5,0.3,2.3,322.3,3.142,16.20,4.00,5.7
5,2017,9,252,14.7,261.98,9,1.10E+11,99.5,0.3,2.3,322.3,3.142,17.30,4.00,5.7
5,2017,9,252,14.7,261.98,9,1.10E+11,99.5,0.3,2.3,322.3,3.142,17.70,4.20,5.7
6,2017,9,252,14.7,261.98,9,1.17E+11,99.6,0.2,2.3,314.2,3.131,16.30,4.10,5.8
6,2017,9,252,14.7,261.98,9,1.17E+11,99.6,0.2,2.3,314.2,3.131,14.00,4.50,5.8
6,2017,9,252,14.7,261.98,9,1.17E+11,99.6,0.2,2.3,314.2,3.131,15.00,3.70,5.8
7,2017,9,252,14.7,261.98,9,1.25E+11,99.6,0.2,2.4,302.9,3.172,16.60,3.70,6.4
8,2017,9,252,14.7,261.98,9,1.29E+11,99.6,0.2,2.4,296.4,3.225,16.10,4.70,5.5
8,2017,9,252,14.7,261.98,9,1.29E+11,99.6,0.2,2.4,296.4,3.225,15.00,4.00,5.5
8,2017,9,252,14.7,261.98,9,1.29E+11,99.6,0.2,2.4,296.4,3.225,41.30,4.00,5.5
8,2017,9,252,14.7,261.98,9,1.29E+11,99.6,0.2,2.4,296.4,3.225,16.10,3.50,5.5
8,2017,9,252,14.7,261.98,9,1.29E+11,99.6,0.2,2.4,296.4,3.225,18.00,3.60,5.5
8,2017,9,252,14.7,261.98,9,1.29E+11,99.6,0.2,2.4,296.4,3.225,16.00,3.60,5.5
8,2017,9,252,14.7,261.98,9,1.29E+11,99.6,0.2,2.4,296.4,3.225,16.00,3.50,5.5
8,2017,9,252,14.7,261.98,9,1.29E+11,99.6,0.2,2.4,296.4,3.225,16.10,3.70,5.5
8,2017,9,252,14.7,261.98,9,1.29E+11,99.6,0.2,2.4,296.4,3.225,16.70,3.50,5.5
8,2017,9,252,14.7,261.98,9,1.29E+11,99.6,0.2,2.4,296.4,3.225,90.50,4.00,5.5
8,2017,9,252,14.7,261.98,9,1.29E+11,99.6,0.2,2.4,296.4,3.225,16.10,4.00,5.5
9,2017,9,252,14.7,261.98,9,1.15E+11,99.6,0.2,2.2,296.4,3.043,46.30,3.80,5.5
9,2017,9,252,14.7,261.98,9,1.15E+11,99.6,0.2,2.2,296.4,3.043,77.70,3.60,5.5
9,2017,9,252,14.7,261.98,9,1.15E+11,99.6,0.2,2.2,296.4,3.043,18.00,4.00,5.5
9,2017,9,252,14.7,261.98,9,1.15E+11,99.6,0.2,2.2,296.4,3.043,2.50,3.70,5.5
9,2017,9,252,14.7,261.98,9,1.15E+11,99.6,0.2,2.2,296.4,3.043,20.00,3.70,5.5
9,2017,9,252,14.7,261.98,9,1.15E+11,99.6,0.2,2.2,296.4,3.043,10.00,3.50,5.5
10,2017,9,252,14.7,261.98,9,90172000000,99.5,0.3,1.8,297.7,2.696,15.90,3.70,5.1
10,2017,9,252,14.7,261.98,9,90172000000,99.5,0.3,1.8,297.7,2.696,27.00,3.40,5.1
11,2017,9,252,14.7,261.98,9,94713000000,99.5,0.3,1.9,291.1,2.765,41.80,3.70,4.6
11,2017,9,252,14.7,261.98,9,94713000000,99.5,0.3,1.9,291.1,2.765,16.00,3.70,4.6
11,2017,9,252,14.7,261.98,9,94713000000,99.5,0.3,1.9,291.1,2.765,114.10,3.20,4.6
12,2017,9,252,14.7,261.98,9,1.57E+11,97.2,0.8,3.4,274.7,3.593,,,4.8
13,2017,9,252,14.7,261.98,9,2.57E+11,96.7,0.8,6.2,258.1,4.715,26.50,4.50,8.9
13,2017,9,252,14.7,261.98,9,2.57E+11,96.7,0.8,6.2,258.1,4.715,24.40,4.70,8.9
13,2017,9,252,14.7,261.98,9,2.57E+11,96.7,0.8,6.2,258.1,4.715,29.30,3.70,8.9
14,2017,9,252,14.7,261.98,9,3.40E+11,97.5,0.5,8.7,252.8,5.489,58.00,4.00,12.6
14,2017,9,252,14.7,261.98,9,3.40E+11,97.5,0.5,8.7,252.8,5.489,16.10,3.90,12.6
14,2017,9,252,14.7,261.98,9,3.40E+11,97.5,0.5,8.7,252.8,5.489,20.00,4.00,12.6
14,2017,9,252,14.7,261.98,9,3.40E+11,97.5,0.5,8.7,252.8,5.489,24.30,3.90,12.6
15,2017,9,252,14.7,261.98,9,4.11E+11,97.9,0.3,10.4,259.5,5.968,15.90,3.70,16.3
15,2017,9,252,14.7,261.98,9,4.11E+11,97.9,0.3,10.4,259.5,5.968,35.20,3.80,16.3
15,2017,9,252,14.7,261.98,9,4.11E+11,97.9,0.3,10.4,259.5,5.968,16.00,3.70,16.3
15,2017,9,252,14.7,261.98,9,4.11E+11,97.9,0.3,10.4,259.5,5.968,16.20,4.00,16.3
15,2017,9,252,14.7,261.98,9,4.11E+11,97.9,0.3,10.4,259.5,5.968,15.00,3.90,16.3
16,2017,9,252,14.7,261.98,9,5.26E+11,98.3,0.2,13,270.9,6.645,16.10,3.50,20
17,2017,9,252,14.7,261.98,9,7.14E+11,98.7,0.1,17,282,7.647,31.50,4.00,26.5
17,2017,9,252,14.7,261.98,9,7.14E+11,98.7,0.1,17,282,7.647,27.00,3.90,26.5
17,2017,9,252,14.7,261.98,9,7.14E+11,98.7,0.1,17,282,7.647,16.10,3.80,26.5
17,2017,9,252,14.7,261.98,9,7.14E+11,98.7,0.1,17,282,7.647,16.20,4.00,26.5
17,2017,9,252,14.7,261.98,9,7.14E+11,98.7,0.1,17,282,7.647,16.00,3.90,26.5
18,2017,9,252,14.7,261.98,9,9.27E+11,99,0.1,21.6,289.1,8.668,,,29.1
19,2017,9,252,14.7,261.98,9,1.11E+12,99.1,0.1,25.6,289.2,9.494,,,28.9
20,2017,9,252,14.7,261.98,9,1.25E+12,99.1,0.1,28.3,283.1,10.101,12.40,3.90,25.9
20,2017,9,252,14.7,261.98,9,1.25E+12,99.1,0.1,28.3,283.1,10.101,20.00,4.00,25.9
21,2017,9,252,14.7,261.98,9,1.29E+12,99.2,0.1,28.9,276.6,10.367,16.10,3.90,21.7
21,2017,9,252,14.7,261.98,9,1.29E+12,99.2,0.1,28.9,276.6,10.367,20.00,4.00,21.7
21,2017,9,252,14.7,261.98,9,1.29E+12,99.2,0.1,28.9,276.6,10.367,65.20,4.00,21.7
22,2017,9,252,14.7,261.98,9,1.20E+12,99.1,0.1,26.4,270.7,10.059,15.00,3.70,18.3
22,2017,9,252,14.7,261.98,9,1.20E+12,99.1,0.1,26.4,270.7,10.059,22.10,3.90,18.3
23,2017,9,252,14.7,261.98,9,9.72E+11,98.9,0.1,21.6,262.5,9.19,16.50,3.70,16
23,2017,9,252,14.7,261.98,9,9.72E+11,98.9,0.1,21.6,262.5,9.19,4.50,3.60,16
1,2017,10,253,14.7,261.98,9,4.53E+11,99.1,0.1,9.7,256.5,6.304,20.00,3.80,10.6
1,2017,10,253,14.7,261.98,9,4.53E+11,99.1,0.1,9.7,256.5,6.304,16.00,3.70,10.6
1,2017,10,253,14.7,261.98,9,4.53E+11,99.1,0.1,9.7,256.5,6.304,16.10,3.90,10.6
1,2017,10,253,14.7,261.98,9,4.53E+11,99.1,0.1,9.7,256.5,6.304,16.10,3.90,10.6
1,2017,10,253,14.7,261.98,9,4.53E+11,99.1,0.1,9.7,256.5,6.304,36.60,3.80,10.6
2,2017,10,253,14.7,261.98,9,2.75E+11,99.7,0.1,5.5,271.2,4.785,5.80,4.30,8
3,2017,10,253,14.7,261.98,9,1.77E+11,99.7,0.2,3.3,299.5,3.781,,,6.6
4,2017,10,253,14.7,261.98,9,1.33E+11,99.7,0.2,2.7,319.6,3.415,,,6.6
5,2017,10,253,14.7,261.98,9,1.26E+11,99.7,0.2,2.6,322.3,3.358,14.90,4.10,5.9
6,2017,10,253,14.7,261.98,9,1.32E+11,99.8,0.1,2.6,314.1,3.33,16.10,3.80,6.4
6,2017,10,253,14.7,261.98,9,1.32E+11,99.8,0.1,2.6,314.1,3.33,16.10,4.00,6.4
7,2017,10,253,14.7,261.98,9,1.39E+11,99.8,0.1,2.6,302.8,3.356,,,6.5
8,2017,10,253,14.7,261.98,9,1.43E+11,99.8,0.1,2.7,296.3,3.392,20.00,4.20,6.3
8,2017,10,253,14.7,261.98,9,1.43E+11,99.8,0.1,2.7,296.3,3.392,47.60,3.90,6.3
9,2017,10,253,14.7,261.98,9,1.25E+11,99.8,0.1,2.4,296.3,3.18,59.10,4.00,5.1
10,2017,10,253,14.7,261.98,9,97313000000,99.7,0.2,1.9,297.5,2.801,99.60,3.60,4.7
10,2017,10,253,14.7,261.98,9,97313000000,99.7,0.2,1.9,297.5,2.801,8.90,4.00,4.7
11,2017,10,253,14.7,261.98,9,1.02E+11,99.7,0.2,2.1,291.1,2.866,15.00,3.90,4.3
12,2017,10,253,14.7,261.98,9,1.68E+11,97.5,0.5,3.6,274.7,3.718,12.10,4.10,5.4
12,2017,10,253,14.7,261.98,9,1.68E+11,97.5,0.5,3.6,274.7,3.718,16.60,3.80,5.4
13,2017,10,253,14.7,261.98,9,2.73E+11,97.3,0.5,6.6,258.1,4.862,16.60,3.60,9
13,2017,10,253,14.7,261.98,9,2.73E+11,97.3,0.5,6.6,258.1,4.862,112.40,3.90,9
13,2017,10,253,14.7,261.98,9,2.73E+11,97.3,0.5,6.6,258.1,4.862,18.40,3.90,9
14,2017,10,253,14.7,261.98,9,3.59E+11,97.9,0.3,9.1,252.6,5.642,,,10.6
15,2017,10,253,14.7,261.98,9,4.31E+11,98.1,0.2,10.9,259.1,6.118,20.30,4.00,13.7
16,2017,10,253,14.7,261.98,9,5.49E+11,98.5,0.2,13.6,270.4,6.791,15.80,3.70,17.3
16,2017,10,253,14.7,261.98,9,5.49E+11,98.5,0.2,13.6,270.4,6.791,20.00,3.90,17.3
17,2017,10,253,14.7,261.98,9,7.39E+11,98.8,0.1,17.6,281.5,7.782,42.20,4.40,21.5
18,2017,10,253,14.7,261.98,9,9.51E+11,99,0.1,22.2,288.6,8.783,69.40,4.50,25.2
18,2017,10,253,14.7,261.98,9,9.51E+11,99,0.1,22.2,288.6,8.783,7.50,4.00,25.2
19,2017,10,253,14.7,261.98,9,1.13E+12,99.1,0.1,26.1,288.6,9.581,15.00,4.20,28
19,2017,10,253,14.7,261.98,9,1.13E+12,99.1,0.1,26.1,288.6,9.581,25.70,3.70,28
20,2017,10,253,14.7,261.98,9,1.26E+12,99.2,0.1,28.6,282.4,10.155,9.00,3.40,30.6
21,2017,10,253,14.7,261.98,9,1.29E+12,99.2,0.1,28.9,275.9,10.382,16.10,3.90,30.4
21,2017,10,253,14.7,261.98,9,1.29E+12,99.2,0.1,28.9,275.9,10.382,16.10,3.60,30.4
21,2017,10,253,14.7,261.98,9,1.29E+12,99.2,0.1,28.9,275.9,10.382,30.20,4.20,30.4
21,2017,10,253,14.7,261.98,9,1.29E+12,99.2,0.1,28.9,275.9,10.382,42.10,4.10,30.4
21,2017,10,253,14.7,261.98,9,1.29E+12,99.2,0.1,28.9,275.9,10.382,15.20,3.60,30.4
21,2017,10,253,14.7,261.98,9,1.29E+12,99.2,0.1,28.9,275.9,10.382,72.90,3.50,30.4
22,2017,10,253,14.7,261.98,9,1.20E+12,99.1,0.1,26.4,270,10.069,24.30,4.00,29.1
22,2017,10,253,14.7,261.98,9,1.20E+12,99.1,0.1,26.4,270,10.069,16.10,3.90,29.1
23,2017,10,253,14.7,261.98,9,9.71E+11,99,0.1,21.6,261.8,9.197,15.00,4.20,23.5
23,2017,10,253,14.7,261.98,9,9.71E+11,99,0.1,21.6,261.8,9.197,72.70,3.90,23.5
1,2019,12,316,26.35,338.1,11,72096000000,99.1,0.5,0.8,250.9,2.647,,,15.2
2,2019,12,316,26.35,338.1,11,45888000000,99,0.6,0.3,281.5,1.953,10.00,4.10,12.8
3,2019,12,316,26.35,338.1,11,43211000000,99.3,0.4,0.2,307.8,1.874,,,10.2
4,2019,12,316,26.35,338.1,11,50847000000,99.6,0.2,0.2,316.8,2.068,,,8.8
5,2019,12,316,26.35,338.1,11,61987000000,99.7,0.2,0.3,317.4,2.289,,,8.3
6,2019,12,316,26.35,338.1,11,76243000000,99.8,0.1,0.3,311.9,2.508,,,7.1
7,2019,12,316,26.35,338.1,11,91711000000,99.8,0.1,0.4,302.5,2.721,,,8.1
8,2019,12,316,26.35,338.1,11,96752000000,99.8,0.1,0.5,295.6,2.796,3.90,16.00,8.1
9,2019,12,316,26.35,338.1,11,85212000000,99.8,0.1,0.4,295.1,2.624,,,7.7
10,2019,12,316,26.35,338.1,11,72849000000,99.8,0.1,0.4,296.9,2.425,16.70,4.00,8.2
11,2019,12,316,26.35,338.1,11,90031000000,99.8,0.1,0.6,292.7,2.701,,,7.9
12,2019,12,316,26.35,338.1,11,1.67E+11,97.7,0.4,1.4,279,3.736,,,5.9
13,2019,12,316,26.35,338.1,11,3.02E+11,98.5,0.2,3.5,260.5,5.222,,,7.3
14,2019,12,316,26.35,338.1,11,4.32E+11,98.9,0.1,6.2,245.6,6.545,,,11.1
15,2019,12,316,26.35,338.1,11,5.22E+11,99,0.1,8.3,238,7.386,,,13.9
16,2019,12,316,26.35,338.1,11,6.03E+11,99.1,0.1,9.5,240.9,7.846,,,16.9
17,2019,12,316,26.35,338.1,11,6.85E+11,99.2,0.1,10,251,8.086,,,19.1
18,2019,12,316,26.35,338.1,11,7.18E+11,99.1,0.1,10.1,257.8,8.11,,,17.8
19,2019,12,316,26.35,338.1,11,6.80E+11,99,0.1,10,254.2,7.956,,,17.9
20,2019,12,316,26.35,338.1,11,6.11E+11,98.8,0.1,9.8,244,7.77,,,15.4
21,2019,12,316,26.35,338.1,11,5.39E+11,98.6,0.2,9.2,235.9,7.525,,,13.8
22,2019,12,316,26.35,338.1,11,4.36E+11,98.3,0.2,7.5,231.9,6.897,,,13.1
23,2019,12,316,26.35,338.1,11,2.85E+11,97.4,0.4,4.8,230.5,5.643,,,11.2
1,2019,13,317,26.35,338.1,11,70205000000,99.2,0.4,0.8,251.7,2.606,,,9.8
2,2019,13,317,26.35,338.1,11,44717000000,99.1,0.5,0.3,282.1,1.926,,,7.3
3,2019,13,317,26.35,338.1,11,42402000000,99.4,0.3,0.2,307.9,1.857,,,6.1
4,2019,13,317,26.35,338.1,11,50377000000,99.6,0.2,0.2,316.7,2.057,12.80,3.70,7.1
5,2019,13,317,26.35,338.1,11,61834000000,99.8,0.1,0.3,317.4,2.286,,,6.5
6,2019,13,317,26.35,338.1,11,76295000000,99.8,0.1,0.3,312.2,2.51,,,6.1
7,2019,13,317,26.35,338.1,11,91831000000,99.9,0.1,0.4,302.9,2.723,,,6.8
8,2019,13,317,26.35,338.1,11,96914000000,99.9,0.1,0.5,296,2.798,,,6.4
9,2019,13,317,26.35,338.1,11,85561000000,99.8,0.1,0.4,295.5,2.629,12.60,3.80,6.3
10,2019,13,317,26.35,338.1,11,73241000000,99.8,0.1,0.4,297.3,2.431,21.60,4.30,6.4
11,2019,13,317,26.35,338.1,11,90165000000,99.8,0.1,0.6,293.2,2.702,,,6.2
12,2019,13,317,26.35,338.1,11,1.67E+11,97.8,0.3,1.4,279.6,3.732,,,4.9
13,2019,13,317,26.35,338.1,11,3.02E+11,98.6,0.1,3.5,260.9,5.221,,,5.9
14,2019,13,317,26.35,338.1,11,4.33E+11,99,0.1,6.1,245.6,6.55,,,9.8
15,2019,13,317,26.35,338.1,11,5.22E+11,99.1,0.1,8.3,237.7,7.389,,,13.4
16,2019,13,317,26.35,338.1,11,6.00E+11,99.1,0.1,9.5,240.4,7.84,,,17.2
17,2019,13,317,26.35,338.1,11,6.80E+11,99.2,0.1,9.9,250.6,8.065,,,19.9
18,2019,13,317,26.35,338.1,11,7.10E+11,99.1,0.1,10,257.5,8.072,,,19.6
19,2019,13,317,26.35,338.1,11,6.70E+11,99,0.1,9.9,254.1,7.901,,,17.4
20,2019,13,317,26.35,338.1,11,6.00E+11,98.8,0.1,9.7,243.9,7.703,,,14.8
21,2019,13,317,26.35,338.1,11,5.29E+11,98.6,0.2,9,235.8,7.455,,,13
22,2019,13,317,26.35,338.1,11,4.27E+11,98.2,0.2,7.4,232,6.83,,,12.9
23,2019,13,317,26.35,338.1,11,2.80E+11,97.3,0.5,4.7,230.8,5.58,,,11.5
0,19,14,318,26.35,338.1,11,68342000000,99.2,0.5,0.8,252.5,2.564,,,8.9
1,2019,14,318,26.35,338.1,11,43559000000,99.1,0.5,0.3,282.8,1.899,,,6.9
2,2019,14,318,26.35,338.1,11,41601000000,99.3,0.4,0.2,308,1.839,,,6
3,2019,14,318,26.35,338.1,11,49909000000,99.6,0.2,0.2,316.5,2.046,,,6.7
4,2019,14,318,26.35,338.1,11,61680000000,99.7,0.1,0.3,317.4,2.283,,,6.1
5,2019,14,318,26.35,338.1,11,76345000000,99.8,0.1,0.3,312.5,2.512,,,6.2
6,2019,14,318,26.35,338.1,11,91944000000,99.8,0.1,0.4,303.4,2.725,,,6.9
7,2019,14,318,26.35,338.1,11,97075000000,99.8,0.1,0.5,296.5,2.8,,,6.5
8,2019,14,318,26.35,338.1,11,85909000000,99.8,0.1,0.4,295.9,2.634,,,5.9
9,2019,14,318,26.35,338.1,11,73632000000,99.8,0.1,0.4,297.7,2.437,,,6
10,2019,14,318,26.35,338.1,11,90297000000,99.8,0.1,0.5,293.6,2.703,,,6
11,2019,14,318,26.35,338.1,11,1.67E+11,97.8,0.4,1.4,280.1,3.728,,,5
12,2019,14,318,26.35,338.1,11,3.02E+11,98.5,0.2,3.5,261.3,5.219,,,5.9
13,2019,14,318,26.35,338.1,11,4.34E+11,98.9,0.1,6.1,245.6,6.554,,,8.5
14,2019,14,318,26.35,338.1,11,5.21E+11,99,0.1,8.3,237.4,7.393,,,9.3
15,2019,14,318,26.35,338.1,11,5.97E+11,99.1,0.1,9.5,240,7.834,,,13.1
16,2019,14,318,26.35,338.1,11,6.75E+11,99.1,0.1,9.9,250.3,8.045,,,15.2
17,2019,14,318,26.35,338.1,11,7.03E+11,99.1,0.1,9.9,257.3,8.035,,,18.5
18,2019,14,318,26.35,338.1,11,6.60E+11,99,0.1,9.8,254,7.846,,,19.7
19,2019,14,318,26.35,338.1,11,5.89E+11,98.8,0.1,9.5,243.8,7.635,,,16.3
20,2019,14,318,26.35,338.1,11,5.18E+11,98.6,0.2,8.9,235.7,7.384,,,12.7
21,2019,14,318,26.35,338.1,11,4.19E+11,98.2,0.2,7.2,232.1,6.762,,,12.1
22,2019,14,318,26.35,338.1,11,2.74E+11,97.3,0.5,4.6,231.2,5.516,,,10.4
23,2019,15,319,26.35,338.1,11,66505000000,99.2,0.4,0.8,253.4,2.523,,,8.6
1,2019,15,319,26.35,338.1,11,42413000000,99.1,0.5,0.3,283.5,1.872,,,6.1
2,2019,15,319,26.35,338.1,11,40807000000,99.4,0.3,0.2,308.1,1.822,,,5.6
3,2019,15,319,26.35,338.1,11,49443000000,99.7,0.2,0.2,316.3,2.035,,,6.1
4,2019,15,319,26.35,338.1,11,61528000000,99.8,0.1,0.3,317.4,2.28,,,5.5
5,2019,15,319,26.35,338.1,11,76390000000,99.8,0.1,0.3,312.7,2.514,,,5.6
6,2019,15,319,26.35,338.1,11,92050000000,99.9,0.1,0.4,303.8,2.728,,,5.6
7,2019,15,319,26.35,338.1,11,97232000000,99.9,0.1,0.5,296.9,2.801,,,5.4
8,2019,15,319,26.35,338.1,11,86257000000,99.8,0.1,0.4,296.3,2.639,,,5.3
9,2019,15,319,26.35,338.1,11,74023000000,99.8,0.1,0.4,298.1,2.444,10.00,4.00,5.9
10,2019,15,319,26.35,338.1,11,90427000000,99.8,0.1,0.5,294.1,2.704,,,5.6
11,2019,15,319,26.35,338.1,11,1.67E+11,97.8,0.3,1.4,280.7,3.724,,,4.7
12,2019,15,319,26.35,338.1,11,3.03E+11,98.6,0.1,3.5,261.7,5.217,17.00,3.70,5.3
13,2019,15,319,26.35,338.1,11,4.34E+11,99,0.1,6.1,245.7,6.558,,,7.9
14,2019,15,319,26.35,338.1,11,5.20E+11,99,0.1,8.3,237.1,7.397,,,9.6
15,2019,15,319,26.35,338.1,11,5.93E+11,99.1,0.1,9.5,239.5,7.828,17.30,4.10,12.1
16,2019,15,319,26.35,338.1,11,6.69E+11,99.1,0.1,9.8,249.9,8.024,,,12.4
17,2019,15,319,26.35,338.1,11,6.95E+11,99.1,0.1,9.8,257.1,7.998,,,13.3
18,2019,15,319,26.35,338.1,11,6.50E+11,99,0.1,9.6,253.9,7.791,,,12.1
19,2019,15,319,26.35,338.1,11,5.78E+11,98.8,0.1,9.4,243.7,7.568,,,11.9
20,2019,15,319,26.35,338.1,11,5.08E+11,98.5,0.2,8.7,235.6,7.314,,,11.4
21,2019,15,319,26.35,338.1,11,4.10E+11,98.2,0.3,7.1,232.1,6.695,,,11.9
22,2019,15,319,26.35,338.1,11,2.68E+11,97.2,0.5,4.5,231.6,5.453,,,10.8
23,2019,16,320,26.35,338.1,11,66893000000,99.2,0.5,0.8,254.3,2.523,,,8.6
1,2019,16,320,26.35,338.1,11,42825000000,99.1,0.5,0.3,284.2,1.88,,,6.4
2,2019,16,320,26.35,338.1,11,41325000000,99.3,0.4,0.2,308.2,1.833,,,5.3
3,2019,16,320,26.35,338.1,11,50254000000,99.6,0.2,0.2,316.2,2.051,10.00,3.00,6
4,2019,16,320,26.35,338.1,11,62410000000,99.7,0.1,0.3,317.4,2.296,,,5.9
5,2019,16,320,26.35,338.1,11,76992000000,99.8,0.1,0.3,313,2.526,,,5.8
6,2019,16,320,26.35,338.1,11,92396000000,99.8,0.1,0.4,304.3,2.734,,,5.6
7,2019,16,320,26.35,338.1,11,97525000000,99.8,0.1,0.5,297.4,2.805,,,5.3
8,2019,16,320,26.35,338.1,11,86472000000,99.8,0.1,0.4,296.8,2.642,,,5.3
9,2019,16,320,26.35,338.1,11,73957000000,99.8,0.1,0.4,298.6,2.442,,,5.4
10,2019,16,320,26.35,338.1,11,89953000000,99.8,0.1,0.5,294.7,2.697,,,5.1
11,2019,16,320,26.35,338.1,11,1.66E+11,97.8,0.4,1.3,281.2,3.712,,,4.9
12,2019,16,320,26.35,338.1,11,3.02E+11,98.5,0.2,3.4,262.1,5.202,,,5.7
13,2019,16,320,26.35,338.1,11,4.32E+11,98.9,0.1,6.1,245.7,6.538,,,8.8
14,2019,16,320,26.35,338.1,11,5.15E+11,99,0.1,8.2,236.8,7.37,,,11.3
15,2019,16,320,26.35,338.1,11,5.87E+11,99.1,0.1,9.4,239.1,7.796,,,14.5
16,2019,16,320,26.35,338.1,11,6.62E+11,99.1,0.1,9.7,249.6,7.988,,,15.3
17,2019,16,320,26.35,338.1,11,6.89E+11,99.1,0.1,9.7,256.9,7.965,,,14.6
18,2019,16,320,26.35,338.1,11,6.46E+11,99,0.1,9.6,253.8,7.767,,,11.9
19,2019,16,320,26.35,338.1,11,5.75E+11,98.8,0.1,9.3,243.7,7.551,,,11.9
20,2019,16,320,26.35,338.1,11,5.06E+11,98.5,0.2,8.7,235.6,7.296,,,11.4
21,2019,16,320,26.35,338.1,11,4.08E+11,98.2,0.3,7.1,232.3,6.673,,,11.8
22,2019,16,320,26.35,338.1,11,2.67E+11,97.2,0.6,4.5,232.1,5.432,,,10.4
23,2019,17,321,26.35,338.1,11,67293000000,99.1,0.5,0.8,255.3,2.523,,,10.1
1,2019,17,321,26.35,338.1,11,43239000000,99,0.6,0.3,284.9,1.887,,,8.1
2,2019,17,321,26.35,338.1,11,41846000000,99.3,0.4,0.2,308.3,1.845,16.50,3.80,7.1
3,2019,17,321,26.35,338.1,11,51072000000,99.6,0.2,0.2,316,2.066,,,7.8
4,2019,17,321,26.35,338.1,11,63299000000,99.7,0.1,0.3,317.4,2.312,,,7.7
5,2019,17,321,26.35,338.1,11,77592000000,99.8,0.1,0.3,313.3,2.537,,,7
6,2019,17,321,26.35,338.1,11,92733000000,99.8,0.1,0.4,304.8,2.739,,,6.9
7,2019,17,321,26.35,338.1,11,97814000000,99.8,0.1,0.5,297.9,2.809,24.50,3.50,6.2
8,2019,17,321,26.35,338.1,11,86685000000,99.8,0.1,0.4,297.2,2.645,,,6.1
9,2019,17,321,26.35,338.1,11,73890000000,99.8,0.1,0.4,299,2.441,,,6.2
10,2019,17,321,26.35,338.1,11,89477000000,99.8,0.1,0.5,295.2,2.689,18.10,3.80,5.8
11,2019,17,321,26.35,338.1,11,1.65E+11,97.9,0.3,1.3,281.8,3.699,16.10,3.90,5.5
11,2019,17,321,26.35,338.1,11,1.65E+11,97.9,0.3,1.3,281.8,3.699,18.90,3.90,5.5
12,2019,17,321,26.35,338.1,11,3.01E+11,98.5,0.2,3.4,262.6,5.186,,,5.7
13,2019,17,321,26.35,338.1,11,4.29E+11,98.9,0.1,6,245.8,6.519,,,8.8
14,2019,17,321,26.35,338.1,11,5.11E+11,99,0.1,8.2,236.5,7.344,,,10.2
15,2019,17,321,26.35,338.1,11,5.80E+11,99.1,0.1,9.3,238.7,7.763,,,12.8
16,2019,17,321,26.35,338.1,11,6.55E+11,99.1,0.1,9.7,249.2,7.952,,,13.4
17,2019,17,321,26.35,338.1,11,6.83E+11,99.1,0.1,9.6,256.8,7.932,16.50,3.90,14.4
18,2019,17,321,26.35,338.1,11,6.42E+11,99,0.1,9.5,253.8,7.743,,,12.8
19,2019,17,321,26.35,338.1,11,5.73E+11,98.8,0.1,9.3,243.6,7.533,,,12.2
20,2019,17,321,26.35,338.1,11,5.03E+11,98.5,0.2,8.6,235.5,7.279,,,12.9
21,2019,17,321,26.35,338.1,11,4.06E+11,98.1,0.3,7,232.4,6.651,,,14.1
22,2019,17,321,26.35,338.1,11,2.66E+11,97.2,0.5,4.5,232.5,5.411,,,12.4
23,2019,18,322,26.35,338.1,11,67703000000,99.2,0.5,0.8,256.2,2.523,,,8.6
1,2019,18,322,26.35,338.1,11,43654000000,99.1,0.5,0.3,285.7,1.894,10.00,4.10,7.4
2,2019,18,322,26.35,338.1,11,42370000000,99.4,0.4,0.2,308.4,1.857,,,6.7
3,2019,18,322,26.35,338.1,11,51898000000,99.6,0.2,0.2,315.8,2.082,,,7.3
4,2019,18,322,26.35,338.1,11,64194000000,99.8,0.1,0.3,317.4,2.328,,,6.6
5,2019,18,322,26.35,338.1,11,78190000000,99.8,0.1,0.3,313.6,2.548,23.10,4.00,6.1
6,2019,18,322,26.35,338.1,11,93062000000,99.9,0.1,0.4,305.3,2.745,,,6
7,2019,18,322,26.35,338.1,11,98100000000,99.9,0.1,0.5,298.4,2.813,,,5.8
8,2019,18,322,26.35,338.1,11,86895000000,99.8,0.1,0.4,297.7,2.648,,,5.6
9,2019,18,322,26.35,338.1,11,73820000000,99.8,0.1,0.4,299.5,2.44,,,5.9
10,2019,18,322,26.35,338.1,11,88999000000,99.8,0.1,0.5,295.7,2.681,10.00,4.10,5.2
11,2019,18,322,26.35,338.1,11,1.64E+11,97.9,0.3,1.3,282.4,3.686,,,5
12,2019,18,322,26.35,338.1,11,2.99E+11,98.6,0.1,3.4,263,5.17,,,5.3
13,2019,18,322,26.35,338.1,11,4.27E+11,99,0.1,6,245.9,6.499,,,8.4
14,2019,18,322,26.35,338.1,11,5.06E+11,99,0.1,8.1,236.2,7.318,,,10.6
15,2019,18,322,26.35,338.1,11,5.74E+11,99.1,0.1,9.2,238.2,7.73,,,12.5
16,2019,18,322,26.35,338.1,11,6.48E+11,99.1,0.1,9.6,248.9,7.916,,,14.7
17,2019,18,322,26.35,338.1,11,6.77E+11,99.1,0.1,9.6,256.6,7.899,,,17.2
18,2019,18,322,26.35,338.1,11,6.38E+11,99,0.1,9.5,253.7,7.718,,,15.9
19,2019,18,322,26.35,338.1,11,5.70E+11,98.8,0.1,9.3,243.6,7.516,,,15
20,2019,18,322,26.35,338.1,11,5.01E+11,98.5,0.2,8.6,235.5,7.262,,,13.7
21,2019,18,322,26.35,338.1,11,4.04E+11,98.2,0.3,7,232.6,6.629,,,14.5
22,2019,18,322,26.35,338.1,11,2.65E+11,97.2,0.5,4.4,233.1,5.39,,,11.5
23,2019,19,323,26.35,338.1,11,68125000000,99.2,0.4,0.8,257.3,2.523,,,8.4
1,2019,19,323,26.35,338.1,11,44070000000,99.2,0.5,0.3,286.4,1.901,,,6.9
2,2019,19,323,26.35,338.1,11,42897000000,99.4,0.3,0.2,308.5,1.868,,,6.3
3,2019,19,323,26.35,338.1,11,52732000000,99.6,0.2,0.2,315.6,2.097,,,6.7
4,2019,19,323,26.35,338.1,11,65097000000,99.8,0.1,0.3,317.4,2.344,,,6.5
5,2019,19,323,26.35,338.1,11,78784000000,99.8,0.1,0.3,314,2.56,,,6.4
6,2019,19,323,26.35,338.1,11,93380000000,99.8,0.1,0.4,305.8,2.751,21.10,3.90,6
7,2019,19,323,26.35,338.1,11,98382000000,99.9,0.1,0.5,298.9,2.817,18.00,3.70,5.3
8,2019,19,323,26.35,338.1,11,87103000000,99.8,0.1,0.4,298.2,2.651,,,5.6
9,2019,19,323,26.35,338.1,11,73747000000,99.8,0.1,0.4,300,2.439,15.90,3.80,6.3
10,2019,19,323,26.35,338.1,11,88519000000,99.8,0.1,0.5,296.3,2.673,,,5.2
11,2019,19,323,26.35,338.1,11,1.63E+11,97.9,0.3,1.3,283,3.673,,,5.3
12,2019,19,323,26.35,338.1,11,2.98E+11,98.6,0.1,3.3,263.5,5.154,,,5.5
13,2019,19,323,26.35,338.1,11,4.25E+11,98.9,0.1,5.9,246,6.479,,,8
14,2019,19,323,26.35,338.1,11,5.01E+11,99,0.1,8,235.9,7.292,,,10
15,2019,19,323,26.35,338.1,11,5.67E+11,99.1,0.1,9.1,237.8,7.697,,,12.3
16,2019,19,323,26.35,338.1,11,6.40E+11,99.1,0.1,9.5,248.5,7.88,,,13.9
17,2019,19,323,26.35,338.1,11,6.71E+11,99.1,0.1,9.5,256.4,7.866,5.00,3.70,15.2
18,2019,19,323,26.35,338.1,11,6.34E+11,98.9,0.1,9.4,253.7,7.694,,,12
19,2019,19,323,26.35,338.1,11,5.67E+11,98.7,0.1,9.2,243.6,7.499,,,12.3
20,2019,19,323,26.35,338.1,11,4.98E+11,98.5,0.2,8.6,235.5,7.244,16.60,3.70,13.1
21,2019,19,323,26.35,338.1,11,4.01E+11,98.1,0.3,6.9,232.8,6.607,,,12.3
22,2019,19,323,26.35,338.1,11,2.64E+11,97.2,0.5,4.4,233.6,5.369,,,10.5
23,2019,20,324,26.35,338.1,11,68556000000,99.3,0.4,0.8,258.3,2.522,,,8.2
1,2019,20,324,26.35,338.1,11,44486000000,99.2,0.5,0.3,287.2,1.908,,,6.7
2,2019,20,324,26.35,338.1,11,43427000000,99.4,0.3,0.2,308.6,1.88,,,6
3,2019,20,324,26.35,338.1,11,53573000000,99.7,0.2,0.2,315.4,2.113,,,5.7
4,2019,20,324,26.35,338.1,11,66006000000,99.8,0.1,0.3,317.4,2.359,9.40,6.40,5.8
4,2019,20,324,26.35,338.1,11,66006000000,99.8,0.1,0.3,317.4,2.359,10.00,3.80,5.8
4,2019,20,324,26.35,338.1,11,66006000000,99.8,0.1,0.3,317.4,2.359,10.00,3.90,5.8
4,2019,20,324,26.35,338.1,11,66006000000,99.8,0.1,0.3,317.4,2.359,10.00,3.70,5.8
5,2019,20,324,26.35,338.1,11,79375000000,99.8,0.1,0.3,314.3,2.571,10.00,4.00,6
5,2019,20,324,26.35,338.1,11,79375000000,99.8,0.1,0.3,314.3,2.571,10.00,3.90,6
5,2019,20,324,26.35,338.1,11,79375000000,99.8,0.1,0.3,314.3,2.571,10.00,3.80,6
5,2019,20,324,26.35,338.1,11,79375000000,99.8,0.1,0.3,314.3,2.571,10.00,3.70,6
6,2019,20,324,26.35,338.1,11,93688000000,99.9,0.1,0.4,306.3,2.757,10.00,3.90,5.7
6,2019,20,324,26.35,338.1,11,93688000000,99.9,0.1,0.4,306.3,2.757,10.00,4.00,5.7
6,2019,20,324,26.35,338.1,11,93688000000,99.9,0.1,0.4,306.3,2.757,10.00,4.10,5.7
7,2019,20,324,26.35,338.1,11,98660000000,99.9,0.1,0.5,299.5,2.821,,,6.1
8,2019,20,324,26.35,338.1,11,87308000000,99.8,0.1,0.4,298.7,2.654,,,6.3
9,2019,20,324,26.35,338.1,11,73670000000,99.8,0.1,0.4,300.5,2.437,10.00,3.80,6
10,2019,20,324,26.35,338.1,11,88035000000,99.8,0.1,0.5,296.9,2.666,10.00,4.00,5.1
10,2019,20,324,26.35,338.1,11,88035000000,99.8,0.1,0.5,296.9,2.666,10.00,4.00,5.1
10,2019,20,324,26.35,338.1,11,88035000000,99.8,0.1,0.5,296.9,2.666,10.00,3.80,5.1
11,2019,20,324,26.35,338.1,11,1.63E+11,97.9,0.3,1.3,283.6,3.66,10.00,3.80,5.3
11,2019,20,324,26.35,338.1,11,1.63E+11,97.9,0.3,1.3,283.6,3.66,10.00,5.30,5.3
11,2019,20,324,26.35,338.1,11,1.63E+11,97.9,0.3,1.3,283.6,3.66,10.00,4.50,5.3
12,2019,20,324,26.35,338.1,11,2.97E+11,98.6,0.1,3.3,263.9,5.138,,,5.2
13,2019,20,324,26.35,338.1,11,4.22E+11,99,0.1,5.9,246,6.459,,,7.8
14,2019,20,324,26.35,338.1,11,4.97E+11,99,0.1,8,235.7,7.266,16.00,4.00,9.9
15,2019,20,324,26.35,338.1,11,5.61E+11,99.1,0.1,9.1,237.4,7.664,,,12.3
16,2019,20,324,26.35,338.1,11,6.33E+11,99.1,0.1,9.4,248.2,7.844,10.00,4.10,13.4
17,2019,20,324,26.35,338.1,11,6.65E+11,99.1,0.1,9.4,256.3,7.833,13.00,4.00,14.3
18,2019,20,324,26.35,338.1,11,6.30E+11,98.9,0.1,9.3,253.7,7.67,,,11.4
19,2019,20,324,26.35,338.1,11,5.65E+11,98.8,0.1,9.2,243.6,7.482,,,10.6
20,2019,20,324,26.35,338.1,11,4.96E+11,98.5,0.2,8.5,235.6,7.227,10.00,4.10,10.3
21,2019,20,324,26.35,338.1,11,3.99E+11,98.1,0.3,6.9,233,6.585,,,11.4
22,2019,20,324,26.35,338.1,11,2.63E+11,97.2,0.5,4.4,234.2,5.348,10.00,3.90,11
23,2019,21,325,26.35,338.1,11,68998000000,99.2,0.4,0.7,259.4,2.522,15.00,4.20,9.9
1,2019,21,325,26.35,338.1,11,44903000000,99.1,0.5,0.3,288,1.916,10.00,3.90,7.7
2,2019,21,325,26.35,338.1,11,43961000000,99.4,0.4,0.2,308.7,1.892,,,7.6
3,2019,21,325,26.35,338.1,11,54422000000,99.6,0.2,0.2,315.2,2.128,,,6.9
4,2019,21,325,26.35,338.1,11,66922000000,99.8,0.1,0.3,317.4,2.375,,,6.9
5,2019,21,325,26.35,338.1,11,79962000000,99.8,0.1,0.3,314.6,2.582,7.80,4.20,7.6
6,2019,21,325,26.35,338.1,11,93984000000,99.8,0.1,0.4,306.8,2.763,,,6.7
7,2019,21,325,26.35,338.1,11,98933000000,99.8,0.1,0.5,300,2.825,,,6.5
8,2019,21,325,26.35,338.1,11,87510000000,99.8,0.1,0.4,299.2,2.657,,,7.4
9,2019,21,325,26.35,338.1,11,73588000000,99.8,0.1,0.4,301,2.436,,,6.6
10,2019,21,325,26.35,338.1,11,87549000000,99.8,0.1,0.5,297.4,2.658,,,5.8
11,2019,21,325,26.35,338.1,11,1.62E+11,97.9,0.4,1.3,284.3,3.648,,,6.1
12,2019,21,325,26.35,338.1,11,2.96E+11,98.5,0.2,3.3,264.4,5.122,,,6.2
13,2019,21,325,26.35,338.1,11,4.20E+11,98.9,0.1,5.9,246.1,6.439,,,8.3
14,2019,21,325,26.35,338.1,11,4.92E+11,99,0.1,7.9,235.4,7.239,,,11.1
15,2019,21,325,26.35,338.1,11,5.54E+11,99,0.1,9,237,7.631,,,14.2
16,2019,21,325,26.35,338.1,11,6.26E+11,99.1,0.1,9.3,247.9,7.808,,,16.2
17,2019,21,325,26.35,338.1,11,6.59E+11,99.1,0.1,9.3,256.2,7.8,,,18.1
18,2019,21,325,26.35,338.1,11,6.26E+11,98.9,0.1,9.3,253.7,7.645,,,16.1
19,2019,21,325,26.35,338.1,11,5.63E+11,98.7,0.1,9.1,243.6,7.465,,,13
20,2019,21,325,26.35,338.1,11,4.94E+11,98.5,0.2,8.5,235.6,7.209,10.00,4.00,13.4
21,2019,21,325,26.35,338.1,11,3.97E+11,98.1,0.3,6.9,233.3,6.563,10.00,4.00,14.2
22,2019,21,325,26.35,338.1,11,2.62E+11,97.1,0.6,4.3,234.8,5.327,10.00,4.00,12.8
1,2020,16,168,27.89,335.1,6,6.43E+11,99.1,0,4.5,288.9,7.239,,,16.5
2,2020,16,168,27.89,335.1,6,4.92E+11,99.9,0,2.6,288.9,6.328,,,17.7
3,2020,16,168,27.89,335.1,6,3.87E+11,99.9,0,1.4,301.7,5.591,,,18.9
4,2020,16,168,27.89,335.1,6,2.87E+11,99.9,0,0.8,316.4,5.027,,,14.3
5,2020,16,168,27.89,335.1,6,2.21E+11,99.9,0,0.7,321.1,4.481,6.20,3.50,11.3
4,2020,16,168,27.87,335.1,6,1875500000,99.7,0.1,0.7,316.1,4.014,23.60,3.90,4.9
5,2020,16,168,27.88,335,6,18755000000,99.8,0.1,0.7,316.2,4.015,9.10,3.80,5.9
6,2020,16,168,27.89,335.1,6,1.88E+11,99.9,0.1,0.7,316.3,4.016,16.10,3.50,6.9
7,2020,16,168,27.89,335.1,6,1.76E+11,99.9,0.1,0.7,308,3.801,10.40,3.50,5.7
7,2020,16,168,27.89,335.1,6,1.76E+11,99.9,0.1,0.7,308,3.801,25.80,3.60,5.7
8,2020,16,168,27.89,335.1,6,1.69E+11,99.9,0.1,0.7,304.5,3.702,11.10,3.70,6.1
8,2020,16,168,27.89,335.1,6,1.69E+11,99.9,0.1,0.7,304.5,3.702,14.10,3.70,6.1
9,2020,16,168,27.89,335.1,6,1.44E+11,99.9,0.1,0.6,306,3.425,5.30,3.50,5.5
9,2020,16,168,27.89,335.1,6,1.44E+11,99.9,0.1,0.6,306,3.425,51.60,3.90,5.5
10,2020,16,168,27.89,335.1,6,1.17E+11,99.8,0.1,0.5,304.2,3.076,,,6.5
11,2020,16,168,27.89,335.1,6,1.22E+11,99.7,0.1,0.9,290.3,3.145,,,5.1
12,2020,16,168,27.89,335.1,6,1.67E+11,96.8,0.3,1.9,267.7,3.809,16.20,4.00,4.7
13,2020,16,168,27.89,335.1,6,2.29E+11,97.6,0.2,3.5,251.6,4.638,7.60,3.40,5.8
13,2020,16,168,27.89,335.1,6,2.29E+11,97.6,0.2,3.5,251.6,4.638,10.30,3.30,5.8
14,2020,16,168,27.89,335.1,6,2.92E+11,98.1,0.2,4.5,254.5,5.173,36.10,3.90,8
15,2020,16,168,27.89,335.1,6,3.54E+11,98.4,0.1,4.9,272.8,5.471,,,10.1
16,2020,16,168,27.89,335.1,6,4.28E+11,98.6,0.1,5.3,291.5,5.891,107.60,3.80,12.5
16,2020,16,168,27.89,335.1,6,4.28E+11,98.6,0.1,5.3,291.5,5.891,9.80,3.40,12.5
16,2020,16,168,27.89,335.1,6,4.28E+11,98.6,0.1,5.3,291.5,5.891,13.40,3.30,12.5
17,2020,16,168,27.89,335.1,6,5.36E+11,98.8,0.1,6.2,302.8,6.576,9.90,3.30,14.7
17,2020,16,168,27.89,335.1,6,5.36E+11,98.8,0.1,6.2,302.8,6.576,35.30,3.80,14.7
18,2020,16,168,27.89,335.1,6,6.71E+11,99,0.1,7.3,308.6,7.371,24.00,3.80,17.5
19,2020,16,168,27.89,335.1,6,7.98E+11,99.1,0.1,8.3,309.6,8.054,,,18.5
20,2020,16,168,27.89,335.1,6,8.90E+11,99.2,0.1,9,306,8.492,16.50,3.50,20
21,2020,16,168,27.89,335.1,6,9.32E+11,99.2,0.1,9,303.1,8.673,,,18.5
22,2020,16,168,27.89,335.1,6,9.32E+11,99.2,0.1,8.7,301,8.672,11.20,4.40,17.7
23,2020,16,168,27.89,335.1,6,8.96E+11,99.2,0.1,8.1,297,8.503,15.00,3.30,16.7
1,2020,17,169,27.89,335.1,6,6.40E+11,99.1,0,4.5,288.8,7.225,,,16.5
2,2020,17,169,27.89,335.1,6,4.90E+11,99.9,0,2.6,288.9,6.317,11.50,3.40,16.4
3,2020,17,169,27.87,335.1,6,3856600000,99.7,0.2,1.2,301.5,5.577,8.30,3.80,10.8
3,2020,17,169,27.88,335,6,38566000000,99.8,0.1,1.3,301.6,5.578,9.40,3.90,11.8
3,2020,17,169,27.89,335.1,6,3.86E+11,99.9,0,1.4,301.7,5.579,36.10,4.00,12.8
4,2020,17,169,27.89,335.1,6,2.86E+11,99.9,0,0.8,316.4,5.013,,,11.2
5,2020,17,169,27.89,335.1,6,2.20E+11,99.9,0,0.7,321.1,4.472,,,10.4
6,2020,17,169,27.89,335.1,6,1.87E+11,99.9,0.1,0.7,316.2,4.013,52.70,3.70,8.6
6,2020,17,169,27.89,335.1,6,1.87E+11,99.9,0.1,0.7,316.2,4.013,15.80,3.30,8.6
7,2020,17,169,27.89,335.1,6,1.76E+11,99.9,0.1,0.7,308,3.794,16.80,3.80,7.2
8,2020,17,169,27.89,335.1,6,1.68E+11,99.9,0.1,0.7,304.5,3.69,17.00,3.80,6.9
8,2020,17,169,27.89,335.1,6,1.68E+11,99.9,0.1,0.7,304.5,3.69,61.70,3.90,6.9
8,2020,17,169,27.89,335.1,6,1.68E+11,99.9,0.1,0.7,304.5,3.69,11.20,3.60,6.9
8,2020,17,169,27.89,335.1,6,1.68E+11,99.9,0.1,0.7,304.5,3.69,57.50,3.50,6.9
8,2020,17,169,27.89,335.1,6,1.68E+11,99.9,0.1,0.7,304.5,3.69,21.40,3.50,6.9
8,2020,17,169,27.89,335.1,6,1.68E+11,99.9,0.1,0.7,304.5,3.69,10.10,3.30,6.9
9,2020,17,169,27.89,335.1,6,1.43E+11,99.9,0.1,0.6,305.9,3.418,,,6.8
10,2020,17,169,27.89,335.1,6,1.17E+11,99.8,0.1,0.5,304.2,3.079,,,7.1
11,2020,17,169,27.89,335.1,6,1.22E+11,99.7,0.1,0.9,290.3,3.147,17.10,3.50,6
11,2020,17,169,27.89,335.1,6,1.22E+11,99.7,0.1,0.9,290.3,3.147,29.60,3.30,6
12,2020,17,169,27.89,335.1,6,1.66E+11,96.8,0.3,1.9,267.7,3.801,15.90,3.30,5.4
13,2020,17,169,27.89,335.1,6,2.28E+11,97.6,0.2,3.4,251.7,4.625,,,6.5
14,2020,17,169,27.89,335.1,6,2.90E+11,98.1,0.2,4.5,254.6,5.161,,,9
15,2020,17,169,27.89,335.1,6,3.52E+11,98.3,0.1,4.9,272.8,5.458,,,10.2
16,2020,17,169,27.89,335.1,6,4.25E+11,98.6,0.1,5.3,291.4,5.87,118.30,3.80,11.7
17,2020,17,169,27.89,335.1,6,5.32E+11,98.8,0.1,6.1,302.7,6.551,16.10,3.70,12.7
17,2020,17,169,27.89,335.1,6,5.32E+11,98.8,0.1,6.1,302.7,6.551,31.80,3.90,12.7
18,2020,17,169,27.89,335.1,6,6.66E+11,99,0.1,7.3,308.5,7.347,,,13.7
19,2020,17,169,27.89,335.1,6,7.93E+11,99.1,0.1,8.3,309.6,8.029,56.90,3.40,15
20,2020,17,169,27.89,335.1,6,8.85E+11,99.2,0.1,8.9,306,8.467,,,17.4
21,2020,17,169,27.89,335.1,6,9.27E+11,99.2,0.1,9,303,8.653,,,18
22,2020,17,169,27.89,335.1,6,9.29E+11,99.2,0.1,8.7,301,8.658,,,18
23,2020,17,169,27.89,335.1,6,8.93E+11,99.2,0.1,8.1,296.9,8.488,,,17.5
1,2020,18,170,27.89,335.1,6,6.38E+11,99.1,0,4.5,288.6,7.21,18.50,3.70,20.1
1,2020,18,170,27.89,335.1,6,6.38E+11,99.1,0,4.5,288.6,7.21,27.50,3.70,20.1
2,2020,18,170,27.89,335.1,6,4.88E+11,99.9,0,2.6,288.8,6.306,9.80,3.40,20.2
3,2020,18,170,27.89,335.1,6,3.84E+11,99.9,0,1.4,301.7,5.566,18.50,3.90,17.2
3,2020,18,170,27.89,335.1,6,3.84E+11,99.9,0,1.4,301.7,5.566,16.10,4.00,17.2
3,2020,18,170,27.89,335.1,6,3.84E+11,99.9,0,1.4,301.7,5.566,4.70,3.50,17.2
4,2020,18,170,27.89,335.1,6,2.84E+11,99.9,0,0.8,316.4,4.998,11.10,3.40,9.6
4,2020,18,170,27.89,335.1,6,2.84E+11,99.9,0,0.8,316.4,4.998,16.80,3.80,9.6
5,2020,18,170,27.89,335.1,6,2.19E+11,99.9,0,0.7,321,4.462,15.00,3.30,6.8
6,2020,18,170,27.89,335.1,6,1.87E+11,99.9,0.1,0.7,316.2,4.009,29.50,3.60,6.8
6,2020,18,170,27.89,335.1,6,1.87E+11,99.9,0.1,0.7,316.2,4.009,33.00,3.70,6.8
7,2020,18,170,27.89,335.1,6,1.75E+11,99.9,0.1,0.7,308,3.787,,,6.1
8,2020,18,170,27.89,335.1,6,1.67E+11,99.9,0.1,0.7,304.5,3.679,12.80,3.50,5.9
8,2020,18,170,27.89,335.1,6,1.67E+11,99.9,0.1,0.7,304.5,3.679,11.80,3.70,5.9
9,2020,18,170,27.89,335.1,6,1.43E+11,99.9,0.1,0.6,305.9,3.412,,,5.7
10,2020,18,170,27.89,335.1,6,1.17E+11,99.8,0.1,0.5,304.2,3.082,,,5.9
11,2020,18,170,27.89,335.1,6,1.22E+11,99.7,0.1,0.9,290.3,3.148,26.60,3.40,5.5
12,2020,18,170,27.89,335.1,6,1.65E+11,96.8,0.3,1.9,267.8,3.793,38.70,3.90,4.9
13,2020,18,170,27.89,335.1,6,2.27E+11,97.6,0.2,3.4,251.8,4.612,12.90,3.80,6.4
13,2020,18,170,27.89,335.1,6,2.27E+11,97.6,0.2,3.4,251.8,4.612,13.50,3.50,6.4
13,2020,18,170,27.89,335.1,6,2.27E+11,97.6,0.2,3.4,251.8,4.612,36.00,3.90,6.4
14,2020,18,170,27.89,335.1,6,2.89E+11,98.1,0.2,4.4,254.7,5.149,,,7.8
15,2020,18,170,27.89,335.1,6,3.50E+11,98.4,0.1,4.9,272.8,5.444,,,8.6
16,2020,18,170,27.89,335.1,6,4.22E+11,98.6,0.1,5.3,291.3,5.849,,,10.7
17,2020,18,170,27.89,335.1,6,5.28E+11,98.8,0.1,6.1,302.6,6.526,,,12.1
18,2020,18,170,27.89,335.1,6,6.62E+11,99,0.1,7.2,308.4,7.323,27.70,3.40,12.6
18,2020,18,170,27.89,335.1,6,6.62E+11,99,0.1,7.2,308.4,7.323,24.10,3.50,12.6
19,2020,18,170,27.89,335.1,6,7.89E+11,99.1,0.1,8.2,309.5,8.005,36.80,3.50,14.2
19,2020,18,170,27.89,335.1,6,7.89E+11,99.1,0.1,8.2,309.5,8.005,10.70,3.50,14.2
20,2020,18,170,27.89,335.1,6,8.80E+11,99.2,0.1,8.9,305.9,8.442,,,14.7
21,2020,18,170,27.89,335.1,6,9.23E+11,99.2,0.1,9,303,8.632,,,14.6
22,2020,18,170,27.89,335.1,6,9.26E+11,99.2,0.1,8.7,300.9,8.643,10.00,3.40,14.2
22,2020,18,170,27.89,335.1,6,9.26E+11,99.2,0.1,8.7,300.9,8.643,23.50,3.50,14.2
22,2020,18,170,27.89,335.1,6,9.26E+11,99.2,0.1,8.7,300.9,8.643,87.90,3.70,14.2
22,2020,18,170,27.89,335.1,6,9.26E+11,99.2,0.1,8.7,300.9,8.643,7.70,3.40,14.2
22,2020,18,170,27.89,335.1,6,9.26E+11,99.2,0.1,8.7,300.9,8.643,8.90,3.50,14.2
22,2020,18,170,27.89,335.1,6,9.26E+11,99.2,0.1,8.7,300.9,8.643,11.30,3.50,14.2
23,2020,18,170,27.89,335.1,6,8.90E+11,99.2,0.1,8.1,296.8,8.474,7.90,3.70,16
23,2020,18,170,27.89,335.1,6,8.90E+11,99.2,0.1,8.1,296.8,8.474,24.80,3.50,16
1,2020,19,171,27.89,335.1,6,6.35E+11,99.1,0,4.4,288.4,7.196,16.60,3.90,16.3
1,2020,19,171,27.89,335.1,6,6.35E+11,99.1,0,4.4,288.4,7.196,7.10,3.40,16.3
2,2020,19,171,27.89,335.1,6,4.86E+11,99.9,0,2.6,288.7,6.295,7.80,3.30,16.7
3,2020,19,171,27.89,335.1,6,3.82E+11,99.9,0,1.4,301.7,5.554,13.90,3.30,14.7
4,2020,19,171,27.89,335.1,6,2.83E+11,99.9,0,0.8,316.4,4.984,,,13
5,2020,19,171,27.89,335.1,6,2.18E+11,99.9,0,0.7,321,4.453,19.70,3.30,12
6,2020,19,171,27.89,335.1,6,1.87E+11,99.9,0,0.7,316.1,4.005,14.90,3.30,9.3
7,2020,19,171,27.89,335.1,6,1.74E+11,99.9,0.1,0.7,307.9,3.781,,,7.1
8,2020,19,171,27.89,335.1,6,1.66E+11,99.9,0.1,0.7,304.5,3.667,10.10,3.60,6.7
8,2020,19,171,27.89,335.1,6,1.66E+11,99.9,0.1,0.7,304.5,3.667,19.70,3.80,6.7
9,2020,19,171,27.89,335.1,6,1.42E+11,99.9,0.1,0.6,305.9,3.405,85.00,3.70,6.7
9,2020,19,171,27.89,335.1,6,1.42E+11,99.9,0.1,0.6,305.9,3.405,24.70,3.80,6.7
9,2020,19,171,27.89,335.1,6,1.42E+11,99.9,0.1,0.6,305.9,3.405,16.10,3.90,6.7
10,2020,19,171,27.89,335.1,6,1.18E+11,99.8,0.1,0.5,304.2,3.084,73.50,3.60,7.1
11,2020,19,171,27.89,335.1,6,1.22E+11,99.8,0.1,0.9,290.3,3.15,55.10,4.00,6
12,2020,19,171,27.89,335.1,6,1.65E+11,96.9,0.3,1.9,267.9,3.785,,,5.3
13,2020,19,171,27.89,335.1,6,2.26E+11,97.6,0.2,3.4,251.9,4.599,,,6.7
14,2020,19,171,27.89,335.1,6,2.88E+11,98.1,0.2,4.4,254.7,5.138,,,8.8
15,2020,19,171,27.89,335.1,6,3.48E+11,98.4,0.1,4.9,272.8,5.43,16.10,3.80,10.9
16,2020,19,171,27.89,335.1,6,4.19E+11,98.6,0.1,5.3,291.2,5.827,8.50,4.60,12.7
16,2020,19,171,27.89,335.1,6,4.19E+11,98.6,0.1,5.3,291.2,5.827,12.70,3.30,12.7
17,2020,19,171,27.89,335.1,6,5.24E+11,98.8,0.1,6.1,302.5,6.501,,,13.9
18,2020,19,171,27.89,335.1,6,6.58E+11,99,0.1,7.2,308.2,7.299,18.50,3.40,14.1
19,2020,19,171,27.89,335.1,6,7.84E+11,99.1,0.1,8.2,309.4,7.98,16.10,3.80,14.8
20,2020,19,171,27.89,335.1,6,8.75E+11,99.2,0.1,8.9,305.8,8.417,80.00,3.80,15.2
20,2020,19,171,27.89,335.1,6,8.75E+11,99.2,0.1,8.9,305.8,8.417,11.00,3.30,15.2
21,2020,19,171,27.89,335.1,6,9.19E+11,99.2,0.1,8.9,302.9,8.612,16.10,3.30,13.4
22,2020,19,171,27.89,335.1,6,9.23E+11,99.2,0.1,8.6,300.8,8.629,,,13.4
23,2020,19,171,27.89,335.1,6,8.87E+11,99.2,0.1,8,296.7,8.46,10.40,3.50,14
1,2020,20,172,27.89,335.1,6,6.32E+11,99.1,0,4.4,288.2,7.181,43.50,3.70,17.5
2,2020,20,172,27.89,335.1,6,4.85E+11,99.9,0,2.6,288.6,6.284,5.00,3.60,18.4
3,2020,20,172,27.89,335.1,6,3.81E+11,99.9,0,1.4,301.7,5.542,5.00,3.70,14.9
4,2020,20,172,27.89,335.1,6,2.81E+11,99.9,0,0.8,316.3,4.97,16.20,3.80,12.4
5,2020,20,172,27.89,335.1,6,2.18E+11,99.9,0,0.7,320.9,4.443,,,10.8
6,2020,20,172,27.89,335.1,6,1.86E+11,99.9,0.1,0.7,316,4.001,4.30,4.00,8.8
6,2020,20,172,27.89,335.1,6,1.86E+11,99.9,0.1,0.7,316,4.001,112.60,3.80,8.8
7,2020,20,172,27.89,335.1,6,1.74E+11,99.9,0.1,0.7,307.9,3.774,16.10,3.50,7.6
7,2020,20,172,27.89,335.1,6,1.74E+11,99.9,0.1,0.7,307.9,3.774,63.70,3.60,7.6
8,2020,20,172,27.89,335.1,6,1.65E+11,99.9,0.1,0.7,304.5,3.656,118.80,3.70,7.4
9,2020,20,172,27.89,335.1,6,1.42E+11,99.8,0.1,0.6,305.8,3.399,17.90,3.90,6.9
9,2020,20,172,27.89,335.1,6,1.42E+11,99.8,0.1,0.6,305.8,3.399,16.10,3.60,6.9
10,2020,20,172,27.89,335.1,6,1.18E+11,99.8,0.1,0.5,304.1,3.087,,,6.1
11,2020,20,172,27.89,335.1,6,1.22E+11,99.7,0.1,0.9,290.3,3.152,3.70,3.60,5.8
12,2020,20,172,27.89,335.1,6,1.64E+11,96.8,0.3,1.9,267.9,3.777,8.50,3.40,5.2
13,2020,20,172,27.89,335.1,6,2.24E+11,97.6,0.2,3.4,252,4.586,,,6.4
14,2020,20,172,27.89,335.1,6,2.87E+11,98.1,0.2,4.4,254.8,5.126,,,8.1
15,2020,20,172,27.89,335.1,6,3.47E+11,98.3,0.1,4.9,272.8,5.416,,,8.6
16,2020,20,172,27.89,335.1,6,4.16E+11,98.6,0.1,5.2,291.1,5.806,3.00,3.80,9.9
16,2020,20,172,27.89,335.1,6,4.16E+11,98.6,0.1,5.2,291.1,5.806,116.90,3.80,9.9
17,2020,20,172,27.89,335.1,6,5.20E+11,98.8,0.1,6,302.4,6.476,,,11.2
18,2020,20,172,27.89,335.1,6,6.53E+11,99,0.1,7.2,308.1,7.275,24.40,3.60,13
19,2020,20,172,27.89,335.1,6,7.79E+11,99.1,0.1,8.1,309.3,7.956,,,15.2
20,2020,20,172,27.89,335.1,6,8.70E+11,99.2,0.1,8.8,305.8,8.392,,,18.2
21,2020,20,172,27.89,335.1,6,9.14E+11,99.2,0.1,8.9,302.9,8.591,60.40,3.60,19.3
22,2020,20,172,27.89,335.1,6,9.20E+11,99.2,0.1,8.6,300.7,8.614,,,19.3
23,2020,20,172,27.89,335.1,6,8.83E+11,99.2,0.1,8,296.5,8.445,118.60,3.80,18
23,2020,20,172,27.89,335.1,6,8.83E+11,99.2,0.1,8,296.5,8.445,26.00,3.80,18
1,2020,21,173,27.89,335.1,6,6.29E+11,99.1,0,4.4,288,7.167,99.40,3.50,16
1,2020,21,173,27.89,335.1,6,6.29E+11,99.1,0,4.4,288,7.167,98.90,3.60,16
2,2020,21,173,27.89,335.1,6,4.83E+11,99.9,0,2.6,288.5,6.273,7.30,3.70,14
2,2020,21,173,27.89,335.1,6,4.83E+11,99.9,0,2.6,288.5,6.273,17.00,3.70,14
3,2020,21,173,27.89,335.1,6,3.79E+11,99.9,0,1.4,301.6,5.529,,,11.9
4,2020,21,173,27.89,335.1,6,2.80E+11,99.9,0,0.8,316.3,4.955,,,10.1
5,2020,21,173,27.89,335.1,6,2.17E+11,99.9,0,0.7,320.9,4.434,,,9
6,2020,21,173,27.89,335.1,6,1.86E+11,99.9,0,0.7,316,3.998,,,6.7
7,2020,21,173,27.89,335.1,6,1.73E+11,99.9,0.1,0.7,307.9,3.767,53.90,3.80,5.6
8,2020,21,173,27.89,335.1,6,1.64E+11,99.9,0.1,0.7,304.4,3.644,,,5.5
9,2020,21,173,27.89,335.1,6,1.41E+11,99.9,0.1,0.6,305.8,3.392,,,5.5
10,2020,21,173,27.89,335.1,6,1.18E+11,99.8,0.1,0.5,304.1,3.09,,,5.3
11,2020,21,173,27.89,335.1,6,1.22E+11,99.8,0.1,0.9,290.3,3.154,,,5.1
12,2020,21,173,27.89,335.1,6,1.63E+11,96.8,0.3,1.9,268,3.769,56.80,3.40,4.4
12,2020,21,173,27.89,335.1,6,1.63E+11,96.8,0.3,1.9,268,3.769,68.30,3.60,4.4
13,2020,21,173,27.89,335.1,6,2.23E+11,97.6,0.2,3.4,252,4.573,17.10,3.50,5.7
14,2020,21,173,27.89,335.1,6,2.86E+11,98.1,0.2,4.4,254.9,5.114,63.90,3.70,8
14,2020,21,173,27.89,335.1,6,2.86E+11,98.1,0.2,4.4,254.9,5.114,31.70,3.40,8
15,2020,21,173,27.89,335.1,6,3.45E+11,98.3,0.1,4.8,272.7,5.402,,,10.3
16,2020,21,173,27.89,335.1,6,4.13E+11,98.6,0.1,5.2,291,5.785,18.00,3.90,11.7
17,2020,21,173,27.89,335.1,6,5.16E+11,98.8,0.1,6,302.2,6.451,11.90,3.70,12.8
17,2020,21,173,27.89,335.1,6,5.16E+11,98.8,0.1,6,302.2,6.451,28.10,3.60,12.8
18,2020,21,173,27.89,335.1,6,6.49E+11,99,0.1,7.1,308,7.251,17.00,3.30,14
19,2020,21,173,27.89,335.1,6,7.75E+11,99.1,0.1,8.1,309.2,7.932,,,15.2
20,2020,21,173,27.89,335.1,6,8.65E+11,99.2,0.1,8.8,305.7,8.366,43.50,3.80,16.4
20,2020,21,173,27.89,335.1,6,8.65E+11,99.2,0.1,8.8,305.7,8.366,72.40,3.60,16.4
21,2020,21,173,27.89,335.1,6,9.10E+11,99.2,0.1,8.9,302.8,8.57,4.40,3.40,14.8
21,2020,21,173,27.89,335.1,6,9.10E+11,99.2,0.1,8.9,302.8,8.57,53.90,3.60,14.8
22,2020,21,173,27.89,335.1,6,9.17E+11,99.2,0.1,8.6,300.6,8.6,,,15.6
23,2020,21,173,27.89,335.1,6,8.80E+11,99.2,0.1,8,296.4,8.431,119.60,3.70,16.1
23,2020,21,173,27.89,335.1,6,8.80E+11,99.2,0.1,8,296.4,8.431,3.20,3.80,16.1
1,2020,22,174,27.89,335.1,6,6.26E+11,99,0,4.4,287.8,7.152,16.20,3.50,16.1
1,2020,22,174,27.89,335.1,6,6.26E+11,99,0,4.4,287.8,7.152,115.40,3.70,16.1
2,2020,22,174,27.89,335.1,6,4.81E+11,99.9,0,2.6,288.4,6.262,10.50,4.00,15.1
3,2020,22,174,27.89,335.1,6,3.77E+11,99.9,0,1.4,301.6,5.517,16.10,3.50,11.4
3,2020,22,174,27.89,335.1,6,3.77E+11,99.9,0,1.4,301.6,5.517,25.40,3.60,11.4
4,2020,22,174,27.89,335.1,6,2.78E+11,99.9,0,0.8,316.3,4.941,25.90,3.80,9.4
4,2020,22,174,27.89,335.1,6,2.78E+11,99.9,0,0.8,316.3,4.941,8.70,3.30,9.4
5,2020,22,174,27.89,335.1,6,2.16E+11,99.9,0,0.7,320.8,4.425,63.80,3.80,8.6
6,2020,22,174,27.89,335.1,6,1.86E+11,99.9,0,0.7,315.9,3.994,,,7.6
7,2020,22,174,27.89,335.1,6,1.73E+11,99.9,0,0.7,307.8,3.761,19.10,3.40,6.3
8,2020,22,174,27.89,335.1,6,1.63E+11,99.9,0.1,0.7,304.4,3.632,,,6.3
9,2020,22,174,27.89,335.1,6,1.41E+11,99.9,0.1,0.6,305.8,3.386,,,6.3
10,2020,22,174,27.89,335.1,6,1.18E+11,99.9,0.1,0.5,304,3.092,61.10,3.70,5.1
11,2020,22,174,27.89,335.1,6,1.23E+11,99.8,0.1,0.9,290.3,3.155,,,4.8
12,2020,22,174,27.89,335.1,6,1.63E+11,96.9,0.2,1.8,268,3.761,,,3.9
13,2020,22,174,27.89,335.1,6,2.22E+11,97.6,0.2,3.3,252.1,4.56,,,5.3
14,2020,22,174,27.89,335.1,6,2.84E+11,98.1,0.1,4.4,255,5.103,,,8.3
15,2020,22,174,27.89,335.1,6,3.43E+11,98.3,0.1,4.8,272.7,5.388,10.00,3.40,11.3
16,2020,22,174,27.89,335.1,6,4.10E+11,98.6,0.1,5.2,290.9,5.764,,,12.5
17,2020,22,174,27.89,335.1,6,5.12E+11,98.8,0.1,6,302.1,6.426,6.50,3.70,13.5
18,2020,22,174,27.89,335.1,6,6.45E+11,99,0.1,7.1,307.9,7.227,15.00,4.10,14
19,2020,22,174,27.89,335.1,6,7.70E+11,99.1,0.1,8,309.1,7.907,,,16
20,2020,22,174,27.89,335.1,6,8.60E+11,99.2,0.1,8.7,305.6,8.341,12.20,3.60,18.2
21,2020,22,174,27.89,335.1,6,9.06E+11,99.2,0.1,8.8,302.7,8.55,102.10,3.40,19.2
22,2020,22,174,27.89,335.1,6,9.14E+11,99.2,0.1,8.6,300.5,8.585,,,19.2
23,2020,22,174,27.89,335.1,6,8.77E+11,99.2,0.1,8,296.2,8.416,,,18.4
1,2020,23,175,27.89,335.1,6,6.24E+11,99,0,4.4,287.5,7.137,12.00,5.20,18.4
2,2020,23,175,27.89,335.1,6,4.79E+11,99.9,0,2.6,288.2,6.251,18.60,3.40,16.9
3,2020,23,175,27.89,335.1,6,3.75E+11,99.9,0,1.4,301.6,5.504,,,12.2
4,2020,23,175,27.89,335.1,6,2.76E+11,99.9,0,0.8,316.3,4.927,15.90,3.90,9.5
4,2020,23,175,27.89,335.1,6,2.76E+11,99.9,0,0.8,316.3,4.927,10.80,3.60,9.5
5,2020,23,175,27.89,335.1,6,2.15E+11,99.9,0,0.7,320.8,4.415,16.70,3.90,8.8
6,2020,23,175,27.89,335.1,6,1.86E+11,99.9,0,0.7,315.9,3.99,,,7.2
7,2020,23,175,27.89,335.1,6,1.72E+11,99.9,0.1,0.7,307.8,3.754,,,6.6
8,2020,23,175,27.89,335.1,6,1.62E+11,99.9,0.1,0.7,304.4,3.621,4.60,3.30,6.4
9,2020,23,175,27.89,335.1,6,1.40E+11,99.9,0.1,0.6,305.7,3.379,99.40,3.50,7
9,2020,23,175,27.89,335.1,6,1.40E+11,99.9,0.1,0.6,305.7,3.379,104.50,3.70,7
10,2020,23,175,27.89,335.1,6,1.18E+11,99.9,0.1,0.6,304,3.095,15.40,3.50,5.5
10,2020,23,175,27.89,335.1,6,1.18E+11,99.9,0.1,0.6,304,3.095,11.90,3.50,5.5
11,2020,23,175,27.89,335.1,6,1.23E+11,99.8,0.1,0.9,290.3,3.157,16.10,3.80,5.4
11,2020,23,175,27.89,335.1,6,1.23E+11,99.8,0.1,0.9,290.3,3.157,16.10,3.90,5.4
11,2020,23,175,27.89,335.1,6,1.23E+11,99.8,0.1,0.9,290.3,3.157,10.00,4.00,5.4
12,2020,23,175,27.89,335.1,6,1.62E+11,96.8,0.3,1.8,268.1,3.753,16.40,3.60,5.4
12,2020,23,175,27.89,335.1,6,1.62E+11,96.8,0.3,1.8,268.1,3.753,16.10,3.90,5.4
13,2020,23,175,27.89,335.1,6,2.21E+11,97.6,0.2,3.3,252.2,4.546,,,6.4
14,2020,23,175,27.89,335.1,6,2.83E+11,98.1,0.1,4.3,255,5.091,,,9
15,2020,23,175,27.84,335.4,6,3412100,98.2,0.4,4.3,272.6,5.373,17.40,3.80,10.9
15,2020,23,175,27.85,335.3,6,34121000,98.1,0.3,4.4,272.6,5.373,22.80,7.40,10.9
15,2020,23,175,27.86,335.2,6,341210000,98,0.2,4.5,272.4,5.373,4.20,3.80,10.9
15,2020,23,175,27.87,335.1,6,3412100000,98.1,0.1,4.6,272.6,5.373,43.30,3.70,10.9
15,2020,23,175,27.88,335,6,34121000000,98.2,0,4.7,272.6,5.373,15.30,3.90,10.9
16,2020,23,175,27.79,335.9,6,41,98.5,0.9,5.8,290.2,5.733,11.50,3.40,4.4
16,2020,23,175,27.8,335.8,6,407,98.4,0.8,5.7,290.1,5.734,2.70,3.30,5.4
16,2020,23,175,27.81,335.7,6,4066,98.3,0.7,5.6,290,5.735,12.10,4.20,6.4
16,2020,23,175,27.82,335.6,6,40657,98.2,0.6,5.5,290.1,5.736,23.90,3.70,7.4
16,2020,23,175,27.83,335.5,6,406570,98.1,0.5,5.4,290.2,5.737,5.00,3.60,8.4
16,2020,23,175,27.84,335.4,6,4065700,98,0.4,5.3,290.3,5.738,9.70,4.60,9.4
16,2020,23,175,27.85,335.3,6,40657000,98.1,0.3,5.2,290.4,5.739,18.00,3.40,10.4
16,2020,23,175,27.86,335.2,6,406570000,98.2,0.2,5.1,290.5,5.74,5.20,3.60,11.4
16,2020,23,175,27.87,335.1,6,4065700000,98.3,0.1,5,290.6,5.741,29.80,3.80,12.4
16,2020,23,175,27.88,335,6,40657000000,98.4,0,5.1,290.7,5.742,8.90,3.80,13.4
16,2020,23,175,27.89,335.1,6,4.07E+11,98.5,0.1,5.2,290.8,5.743,24.40,3.80,14.4
17,2020,23,175,27.89,335.1,6,5.08E+11,98.8,0.1,6,301.9,6.401,7.00,4.00,15.9
17,2020,23,175,27.74,335.14,6,508,98.7,0.14,6.14,301.9,6.402,5.70,3.50,15.9
17,2020,23,175,27.75,335.13,6,51,98.6,0.13,6.13,301.9,6.403,8.50,3.90,15.9
17,2020,23,175,27.76,335.12,6,5,98.5,0.12,6.12,301.9,6.404,15.70,4.00,15.9
17,2020,23,175,27.77,335.11,6,1,98.4,0.11,6.11,301.9,6.405,25.70,4.20,15.9
17,2020,23,175,27.78,335.1,6,5,98.3,0.1,6.1,301.9,6.406,12.00,3.80,15.9
17,2020,23,175,27.79,335.9,6,51,98.2,0.9,6,301.9,6.407,17.60,3.80,15.9
17,2020,23,175,27.8,335.8,6,508,98.1,0.8,6,301.9,6.408,7.40,3.60,15.9
17,2020,23,175,27.81,335.7,6,5080,98,0.7,6,301.9,6.409,14.90,3.90,15.9
17,2020,23,175,27.82,335.6,6,50803,98.1,0.6,6,301.9,6.41,15.70,3.80,15.9
17,2020,23,175,27.83,335.5,6,508030,98.2,0.5,6,301.9,6.411,22.60,4.00,15.9
17,2020,23,175,27.84,335.4,6,5080300,98.3,0.4,6,301.9,6.412,25.20,4.20,15.9
17,2020,23,175,27.85,335.3,6,50803000,98.4,0.3,6,301.9,6.413,5.90,4.20,15.9
17,2020,23,175,27.86,335.2,6,508030000,98.5,0.2,6,301.9,6.414,12.60,4.00,15.9
17,2020,23,175,27.87,335.1,6,5080300000,98.6,0.1,6,301.9,6.415,17.30,4.10,15.9
17,2020,23,175,27.88,335,6,50803000000,98.7,0,6,301.9,6.416,10.00,4.20,15.9
17,2020,23,175,27.89,335.1,6,5.08E+11,98.8,0.1,6,301.9,6.417,23.50,4.50,15.9
18,2020,23,175,27.89,335.1,6,6.41E+11,99,0.1,7.1,307.7,7.202,18.80,4.20,16.7
18,2020,23,175,27.89,335.1,6,6.41E+11,99,0.1,7.1,307.7,7.202,18.20,4.30,16.7
18,2020,23,175,27.89,335.1,6,6.41E+11,99,0.1,7.1,307.7,7.202,16.00,4.30,16.7
18,2020,23,175,27.89,335.1,6,6.41E+11,99,0.1,7.1,307.7,7.202,8.60,4.80,16.7
19,2020,23,175,27.89,335.1,6,7.65E+11,99.1,0.1,8.1,309,7.883,22.90,3.90,17.4
19,2020,23,175,27.89,335.1,6,7.65E+11,99.1,0.1,8.1,309,7.883,16.50,3.90,17.4
20,2020,23,175,27.89,335.1,6,8.55E+11,99.2,0.1,8.7,305.5,8.316,40.00,3.90,18.7
20,2020,23,175,27.89,335.1,6,8.55E+11,99.2,0.1,8.7,305.5,8.316,12.50,4.00,18.7
20,2020,23,175,27.89,335.1,6,8.55E+11,99.2,0.1,8.7,305.5,8.316,13.70,4.30,18.7
20,2020,23,175,27.89,335.1,6,8.55E+11,99.2,0.1,8.7,305.5,8.316,8.70,4.00,18.7
20,2020,23,175,27.89,335.1,6,8.55E+11,99.2,0.1,8.7,305.5,8.316,3.60,3.90,18.7
20,2020,23,175,27.89,335.1,6,8.55E+11,99.2,0.1,8.7,305.5,8.316,9.40,3.70,18.7
21,2020,23,175,27.89,335.1,6,9.01E+11,99.2,0.1,8.8,302.6,8.529,14.20,4.70,18.3
21,2020,23,175,27.89,335.1,6,9.01E+11,99.2,0.1,8.8,302.6,8.529,8.70,3.60,18.3
21,2020,23,175,27.89,335.1,6,9.01E+11,99.2,0.1,8.8,302.6,8.529,16.40,4.50,18.3
21,2020,23,175,27.89,335.1,6,9.01E+11,99.2,0.1,8.8,302.6,8.529,27.70,3.80,18.3
21,2020,23,175,27.89,335.1,6,9.01E+11,99.2,0.1,8.8,302.6,8.529,12.90,4.10,18.3
21,2020,23,175,27.89,335.1,6,9.01E+11,99.2,0.1,8.8,302.6,8.529,9.00,3.70,18.3
21,2020,23,175,27.89,335.1,6,9.01E+11,99.2,0.1,8.8,302.6,8.529,16.60,3.80,18.3
22,2020,23,175,27.89,335.1,6,9.11E+11,99.2,0.1,8.6,300.3,8.57,6.50,3.90,19
22,2020,23,175,27.89,335.1,6,9.11E+11,99.2,0.1,8.6,300.3,8.57,16.10,3.80,19
22,2020,23,175,27.89,335.1,6,9.11E+11,99.2,0.1,8.6,300.3,8.57,13.40,3.60,19
22,2020,23,175,27.89,335.1,6,9.11E+11,99.2,0.1,8.6,300.3,8.57,12.60,3.70,19
22,2020,23,175,27.89,335.1,6,9.11E+11,99.2,0.1,8.6,300.3,8.57,12.90,3.60,19
22,2020,23,175,27.89,335.1,6,9.11E+11,99.2,0.1,8.6,300.3,8.57,19.40,3.70,19
22,2020,23,175,27.89,335.1,6,9.11E+11,99.2,0.1,8.6,300.3,8.57,18.20,4.10,19
23,2020,23,175,27.89,335.1,6,8.74E+11,99.2,0.1,8,296,8.402,17.20,4.20,18
23,2020,23,175,27.89,335.1,6,8.74E+11,99.2,0.1,8,296,8.402,15.60,4.10,18
23,2020,23,175,27.89,335.1,6,8.74E+11,99.2,0.1,8,296,8.402,18.80,4.10,18
23,2020,23,175,27.89,335.1,6,8.74E+11,99.2,0.1,8,296,8.402,15.20,3.40,18
1,2020,24,176,27.89,335.1,6,6.21E+11,99,0,4.4,287.3,7.123,11.30,3.40,16.4
2,2020,24,176,27.89,335.1,6,4.77E+11,99.9,0,2.6,288.1,6.24,5.80,3.40,15.2
2,2020,24,176,27.89,335.1,6,4.77E+11,99.9,0,2.6,288.1,6.24,11.80,4.20,15.2
2,2020,24,176,27.89,335.1,6,4.77E+11,99.9,0,2.6,288.1,6.24,12.00,5.50,15.2
2,2020,24,176,27.89,335.1,6,4.77E+11,99.9,0,2.6,288.1,6.24,17.10,4.10,15.2
3,2020,24,176,27.89,335.1,6,3.74E+11,99.9,0,1.3,301.6,5.492,52.10,4.10,14.2
3,2020,24,176,27.89,335.1,6,3.74E+11,99.9,0,1.3,301.6,5.492,4.90,4.80,14.2
3,2020,24,176,27.89,335.1,6,3.74E+11,99.9,0,1.3,301.6,5.492,21.00,4.50,14.2
3,2020,24,176,27.89,335.1,6,3.74E+11,99.9,0,1.3,301.6,5.492,19.20,3.70,14.2
3,2020,24,176,27.89,335.1,6,3.74E+11,99.9,0,1.3,301.6,5.492,14.80,4.40,14.2
4,2020,24,176,27.89,335.1,6,2.75E+11,99.9,0,0.8,316.3,4.912,18.20,3.60,12.4
4,2020,24,176,27.89,335.1,6,2.75E+11,99.9,0,0.8,316.3,4.912,10.20,3.30,12.4
4,2020,24,176,27.89,335.1,6,2.75E+11,99.9,0,0.8,316.3,4.912,2.90,3.40,12.4
4,2020,24,176,27.89,335.1,6,2.75E+11,99.9,0,0.8,316.3,4.912,5.00,3.50,12.4
4,2020,24,176,27.89,335.1,6,2.75E+11,99.9,0,0.8,316.3,4.912,27.30,3.50,12.4
4,2020,24,176,27.89,335.1,6,2.75E+11,99.9,0,0.8,316.3,4.912,17.00,3.80,12.4
4,2020,24,176,27.89,335.1,6,2.75E+11,99.9,0,0.8,316.3,4.912,30.60,3.50,12.4
5,2020,24,176,27.89,335.1,6,2.14E+11,99.9,0,0.7,320.7,4.406,6.00,3.80,10.8
5,2020,24,176,27.89,335.1,6,2.14E+11,99.9,0,0.7,320.7,4.406,45.20,3.70,10.8
5,2020,24,176,27.89,335.1,6,2.14E+11,99.9,0,0.7,320.7,4.406,22.90,3.90,10.8
5,2020,24,176,27.89,335.1,6,2.14E+11,99.9,0,0.7,320.7,4.406,13.70,3.90,10.8
5,2020,24,176,27.89,335.1,6,2.14E+11,99.9,0,0.7,320.7,4.406,37.90,3.40,10.8
5,2020,24,176,27.89,335.1,6,2.14E+11,99.9,0,0.7,320.7,4.406,37.10,3.90,10.8
5,2020,24,176,27.89,335.1,6,2.14E+11,99.9,0,0.7,320.7,4.406,11.30,3.90,10.8
6,2020,24,176,27.89,335.1,6,1.85E+11,99.9,0,0.7,315.8,3.986,15.00,3.60,9.1
6,2020,24,176,27.89,335.1,6,1.85E+11,99.9,0,0.7,315.8,3.986,16.10,4.00,9.1
6,2020,24,176,27.89,335.1,6,1.85E+11,99.9,0,0.7,315.8,3.986,17.90,3.90,9.1
6,2020,24,176,27.89,335.1,6,1.85E+11,99.9,0,0.7,315.8,3.986,12.50,3.50,9.1
6,2020,24,176,27.89,335.1,6,1.85E+11,99.9,0,0.7,315.8,3.986,11.40,3.60,9.1
6,2020,24,176,27.89,335.1,6,1.85E+11,99.9,0,0.7,315.8,3.986,9.60,3.80,9.1
7,2020,24,176,27.89,335.1,6,1.72E+11,99.9,0.1,0.7,307.7,3.747,5.80,3.90,8.2
7,2020,24,176,27.89,335.1,6,1.72E+11,99.9,0.1,0.7,307.7,3.747,7.90,3.70,8.2
7,2020,24,176,27.89,335.1,6,1.72E+11,99.9,0.1,0.7,307.7,3.747,38.40,3.60,8.2
7,2020,24,176,27.89,335.1,6,1.72E+11,99.9,0.1,0.7,307.7,3.747,15.20,4.20,8.2
7,2020,24,176,27.89,335.1,6,1.72E+11,99.9,0.1,0.7,307.7,3.747,12.00,3.90,8.2
7,2020,24,176,27.89,335.1,6,1.72E+11,99.9,0.1,0.7,307.7,3.747,12.00,3.90,8.2
8,2020,24,176,27.89,335.1,6,1.61E+11,99.9,0.1,0.7,304.3,3.609,10.00,4.00,7.7
8,2020,24,176,27.89,335.1,6,1.61E+11,99.9,0.1,0.7,304.3,3.609,58.70,3.80,7.7
8,2020,24,176,27.89,335.1,6,1.61E+11,99.9,0.1,0.7,304.3,3.609,53.90,4.00,7.7
8,2020,24,176,27.89,335.1,6,1.61E+11,99.9,0.1,0.7,304.3,3.609,16.20,4.10,7.7
8,2020,24,176,27.89,335.1,6,1.61E+11,99.9,0.1,0.7,304.3,3.609,4.50,3.90,7.7
9,2020,24,176,27.89,335.1,6,1.40E+11,99.9,0.1,0.6,305.7,3.372,17.30,3.90,8
9,2020,24,176,27.89,335.1,6,1.40E+11,99.9,0.1,0.6,305.7,3.372,18.10,3.80,8
9,2020,24,176,27.89,335.1,6,1.40E+11,99.9,0.1,0.6,305.7,3.372,23.90,4.00,8
9,2020,24,176,27.89,335.1,6,1.40E+11,99.9,0.1,0.6,305.7,3.372,14.50,3.70,8
10,2020,24,176,27.89,335.1,6,1.19E+11,99.9,0.1,0.6,304,3.098,14.40,4.10,6.3
10,2020,24,176,27.89,335.1,6,1.19E+11,99.9,0.1,0.6,304,3.098,14.40,4.10,6.3
11,2020,24,176,27.89,335.1,6,1.23E+11,99.8,0.1,0.9,290.3,3.159,4.50,3.30,5.9
11,2020,24,176,27.89,335.1,6,1.23E+11,99.8,0.1,0.9,290.3,3.159,10.80,4.10,5.9
12,2020,24,176,27.89,335.1,6,1.61E+11,96.8,0.3,1.8,268.1,3.745,10.00,3.80,5.4
12,2020,24,176,27.89,335.1,6,1.61E+11,96.8,0.3,1.8,268.1,3.745,35.90,3.90,5.4
13,2020,24,176,27.89,335.1,6,2.20E+11,97.6,0.2,3.3,252.3,4.533,47.00,4.00,6.3
14,2020,24,176,27.89,335.1,6,2.82E+11,98.1,0.2,4.3,255.1,5.079,15.60,3.90,8.8
14,2020,24,176,27.89,335.1,6,2.82E+11,98.1,0.2,4.3,255.1,5.079,22.50,3.80,8.8
15,2020,24,176,27.89,335.1,6,3.39E+11,98.3,0.1,4.8,272.6,5.36,20.80,4.10,11.2
16,2020,24,176,27.89,335.1,6,4.04E+11,98.5,0.1,5.1,290.7,5.722,50.50,4.20,13.3
17,2020,24,176,27.89,335.1,6,5.04E+11,98.8,0.1,5.9,301.8,6.376,38.10,3.80,14.2
17,2020,24,176,27.89,335.1,6,5.04E+11,98.8,0.1,5.9,301.8,6.376,14.50,3.50,14.2
17,2020,24,176,27.89,335.1,6,5.04E+11,98.8,0.1,5.9,301.8,6.376,18.60,3.90,14.2
18,2020,24,176,27.89,335.1,6,6.37E+11,99,0.1,7,307.6,7.178,11.70,4.40,14.2
18,2020,24,176,27.89,335.1,6,6.37E+11,99,0.1,7,307.6,7.178,7.20,4.10,14.2
18,2020,24,176,27.89,335.1,6,6.37E+11,99,0.1,7,307.6,7.178,4.10,3.50,14.2
18,2020,24,176,27.89,335.1,6,6.37E+11,99,0.1,7,307.6,7.178,3.00,4.00,14.2
18,2020,24,176,27.89,335.1,6,6.37E+11,99,0.1,7,307.6,7.178,47.60,4.20,14.2
19,2020,24,176,27.89,335.1,6,7.61E+11,99.1,0.1,8,308.8,7.858,9.80,4.10,14.4
19,2020,24,176,27.89,335.1,6,7.61E+11,99.1,0.1,8,308.8,7.858,12.00,4.00,14.4
19,2020,24,176,27.89,335.1,6,7.61E+11,99.1,0.1,8,308.8,7.858,14.80,4.30,14.4
20,2020,24,176,27.89,335.1,6,8.50E+11,99.2,0.1,8.6,305.4,8.291,16.10,4.80,17.5
20,2020,24,176,27.89,335.1,6,8.50E+11,99.2,0.1,8.6,305.4,8.291,14.10,3.60,17.5
21,2020,24,176,27.89,335.1,6,8.97E+11,99.2,0.1,8.8,302.4,8.509,9.60,4.20,19.3
21,2020,24,176,27.89,335.1,6,8.97E+11,99.2,0.1,8.8,302.4,8.509,15.10,3.80,19.3
22,2020,24,176,27.89,335.1,6,9.08E+11,99.2,0.1,8.5,300.2,8.556,10.00,4.00,21.6
22,2020,24,176,27.89,335.1,6,9.08E+11,99.2,0.1,8.5,300.2,8.556,5.00,4.00,21.6
23,2020,24,176,27.89,335.1,6,8.71E+11,99.2,0.1,7.9,295.8,8.388,4.10,4.00,20
23,2020,24,176,27.89,335.1,6,8.71E+11,99.2,0.1,7.9,295.8,8.388,34.50,3.60,20
1,2020,25,177,27.89,335.1,6,6.18E+11,99,0,4.4,287,7.108,12.70,3.50,20.3
1,2020,25,177,27.89,335.1,6,6.18E+11,99,0,4.4,287,7.108,15.10,3.80,20.3
1,2020,25,177,27.89,335.1,6,6.18E+11,99,0,4.4,287,7.108,16.40,3.90,20.3
2,2020,25,177,27.89,335.1,6,4.76E+11,99.9,0,2.6,288,6.229,99.50,4.00,18.1
2,2020,25,177,27.89,335.1,6,4.76E+11,99.9,0,2.6,288,6.229,10.90,3.70,18.1
3,2020,25,177,27.89,335.1,6,3.72E+11,99.9,0,1.3,301.6,5.48,44.70,3.90,15
3,2020,25,177,27.89,335.1,6,3.72E+11,99.9,0,1.3,301.6,5.48,17.00,3.70,15
3,2020,25,177,27.89,335.1,6,3.72E+11,99.9,0,1.3,301.6,5.48,13.70,4.10,15
4,2020,25,177,27.89,335.1,6,2.73E+11,99.9,0,0.8,316.3,4.898,17.00,3.70,10.9
4,2020,25,177,27.89,335.1,6,2.73E+11,99.9,0,0.8,316.3,4.898,19.30,4.20,10.9
4,2020,25,177,27.89,335.1,6,2.73E+11,99.9,0,0.8,316.3,4.898,52.60,3.30,10.9
4,2020,25,177,27.89,335.1,6,2.73E+11,99.9,0,0.8,316.3,4.898,16.10,3.70,10.9
4,2020,25,177,27.89,335.1,6,2.73E+11,99.9,0,0.8,316.3,4.898,8.50,3.90,10.9
4,2020,25,177,27.89,335.1,6,2.73E+11,99.9,0,0.8,316.3,4.898,11.30,3.50,10.9
4,2020,25,177,27.89,335.1,6,2.73E+11,99.9,0,0.8,316.3,4.898,17.50,4.20,10.9
4,2020,25,177,27.89,335.1,6,2.73E+11,99.9,0,0.8,316.3,4.898,18.70,3.80,10.9
5,2020,25,177,27.89,335.1,6,2.14E+11,99.9,0,0.7,320.7,4.396,47.40,3.90,6.5
5,2020,25,177,27.89,335.1,6,2.14E+11,99.9,0,0.7,320.7,4.396,35.10,3.90,6.5
5,2020,25,177,27.89,335.1,6,2.14E+11,99.9,0,0.7,320.7,4.396,27.10,4.00,6.5
5,2020,25,177,27.89,335.1,6,2.14E+11,99.9,0,0.7,320.7,4.396,8.70,4.30,6.5
6,2020,25,177,27.89,335.1,6,1.85E+11,99.9,0,0.7,315.8,3.982,19.70,3.90,4.9
6,2020,25,177,27.89,335.1,6,1.85E+11,99.9,0,0.7,315.8,3.982,17.00,3.40,4.9
6,2020,25,177,27.89,335.1,6,1.85E+11,99.9,0,0.7,315.8,3.982,36.90,3.90,4.9
7,2020,25,177,27.89,335.1,6,1.71E+11,99.9,0,0.7,307.7,3.741,13.40,3.60,4.6
7,2020,25,177,27.89,335.1,6,1.71E+11,99.9,0,0.7,307.7,3.741,28.20,3.90,4.6
7,2020,25,177,27.89,335.1,6,1.71E+11,99.9,0,0.7,307.7,3.741,27.10,4.00,4.6
7,2020,25,177,27.89,335.1,6,1.71E+11,99.9,0,0.7,307.7,3.741,12.40,3.50,4.6
7,2020,25,177,27.89,335.1,6,1.71E+11,99.9,0,0.7,307.7,3.741,15.70,3.80,4.6
8,2020,25,177,27.89,335.1,6,1.60E+11,99.9,0.1,0.6,304.3,3.598,64.50,4.00,4.6
9,2020,25,177,27.89,335.1,6,1.39E+11,99.9,0.1,0.6,305.6,3.366,14.60,3.90,4.8
9,2020,25,177,27.89,335.1,6,1.39E+11,99.9,0.1,0.6,305.6,3.366,13.90,4.00,4.8
9,2020,25,177,27.89,335.1,6,1.39E+11,99.9,0.1,0.6,305.6,3.366,12.50,3.80,4.8
9,2020,25,177,27.89,335.1,6,1.39E+11,99.9,0.1,0.6,305.6,3.366,12.90,3.70,4.8
10,2020,25,177,27.89,335.1,6,1.19E+11,99.9,0.1,0.6,303.9,3.1,15.00,4.00,4.4
10,2020,25,177,27.89,335.1,6,1.19E+11,99.9,0.1,0.6,303.9,3.1,15.00,3.60,4.4
10,2020,25,177,27.89,335.1,6,1.19E+11,99.9,0.1,0.6,303.9,3.1,15.00,3.50,4.4
11,2020,25,177,27.89,335.1,6,1.23E+11,99.8,0.1,0.9,290.3,3.161,10.80,3.80,4.5
12,2020,25,177,27.89,335.1,6,1.61E+11,96.8,0.2,1.8,268.2,3.737,39.20,3.40,4.1
12,2020,25,177,27.89,335.1,6,1.61E+11,96.8,0.2,1.8,268.2,3.737,10.20,3.90,4.1
12,2020,25,177,27.89,335.1,6,1.61E+11,96.8,0.2,1.8,268.2,3.737,10.00,4.10,4.1
12,2020,25,177,27.89,335.1,6,1.61E+11,96.8,0.2,1.8,268.2,3.737,19.90,3.60,4.1
13,2020,25,177,27.89,335.1,6,2.19E+11,97.6,0.2,3.3,252.4,4.52,17.60,3.80,5
13,2020,25,177,27.89,335.1,6,2.19E+11,97.6,0.2,3.3,252.4,4.52,5.00,3.90,5
13,2020,25,177,27.89,335.1,6,2.19E+11,97.6,0.2,3.3,252.4,4.52,8.00,4.30,5
14,2020,25,177,27.89,335.1,6,2.81E+11,98.1,0.1,4.3,255.1,5.068,10.30,4.10,7.7
14,2020,25,177,27.89,335.1,6,2.81E+11,98.1,0.1,4.3,255.1,5.068,9.30,3.50,7.7
14,2020,25,177,27.89,335.1,6,2.81E+11,98.1,0.1,4.3,255.1,5.068,11.90,3.50,7.7
14,2020,25,177,27.89,335.1,6,2.81E+11,98.1,0.1,4.3,255.1,5.068,28.80,4.10,7.7
15,2020,25,177,27.89,335.1,6,3.38E+11,98.3,0.1,4.8,272.6,5.346,16.50,3.90,9.2
15,2020,25,177,27.89,335.1,6,3.38E+11,98.3,0.1,4.8,272.6,5.346,15.80,3.90,9.2
15,2020,25,177,27.89,335.1,6,3.38E+11,98.3,0.1,4.8,272.6,5.346,15.00,3.50,9.2
16,2020,25,177,27.89,335.1,6,4.00E+11,98.5,0.1,5.1,290.5,5.7,17.00,3.80,9.9
17,2020,25,177,27.89,335.1,6,5.00E+11,98.8,0.1,5.9,301.6,6.351,,,12
18,2020,25,177,27.89,335.1,6,6.32E+11,99,0.1,7,307.4,7.154,,,13.2
19,2020,25,177,27.89,335.1,6,7.56E+11,99.1,0.1,8,308.7,7.834,,,14.5
20,2020,25,177,27.89,335.1,6,8.45E+11,99.2,0.1,8.6,305.2,8.266,,,16.5
21,2020,25,177,27.89,335.1,6,8.93E+11,99.2,0.1,8.7,302.3,8.488,,,16.2
22,2020,25,177,27.89,335.1,6,9.05E+11,99.2,0.1,8.5,300,8.541,,,17
23,2020,25,177,27.89,335.1,6,8.68E+11,99.2,0.1,7.9,295.6,8.373,10.00,3.70,16.7
