Day,Hour of day,Latitude,Longitude,Ne/cm-3,O+,N+,hmF2,foF2,Tec
2023-05-01,01:00,37.5402,137.3053,246239,974,20,279.5,10.754,16.91
2023-05-01,01:20,37.5402,137.3053,254747,974,20,282.2,10.837,16.93
2023-05-01,01:30,37.5402,137.3053,263843,974,20,285.0,10.925,16.92
2023-05-01,01:45,37.5402,137.3053,273353,974,21,287.8,11.015,16.89
2023-05-01,02:00,37.5402,137.3053,283049,974,21,290.4,11.107,16.83
2023-05-01,02:20,37.5402,137.3053,292673,974,21,292.9,11.196,16.74
2023-05-01,02:30,37.5402,137.3053,301931,974,22,295.2,11.28,16.62
2023-05-01,02:45,37.5402,137.3053,310533,973,22,297.3,11.356,16.47
2023-05-01,3:00,37.5402,137.3053,318201,973,23,299.1,11.422,16.36
2023-05-01,3:20,37.5402,137.3053,324690,973,23,300.6,11.476,16.16
2023-05-01,3:30,37.5402,137.3053,329820,972,24,301.7,11.519,15.93
2023-05-01,3:45,37.5402,137.3053,333476,971,25,302.5,11.548,15.71
2023-05-01,04:00,37.5402,137.3053,335614,971,26,303.0,11.566,15.49
2023-05-01,04:20,37.5402,137.3053,336263,970,26,303.1,11.572,15.31
2023-05-01,4:30,37.5402,137.3053,335520,969,27,302.9,11.569,15.15
2023-05-01,04:45,37.5402,137.3053,333526,969,28,302.4,11.558,15.03
2023-05-01,5:00,37.5402,137.3053,330459,968,28,301.6,11.539,14.96
2023-05-01,5:20,37.5402,137.3053,326507,967,29,300.6,11.515,14.92
2023-05-01,5:30,37.5402,137.3053,321867,967,30,299.4,11.485,14.79
2023-05-01,5:45,37.5402,137.3053,316718,966,30,298.1,11.45,14.77
2023-05-01,06:00,37.5402,137.3053,311221,966,31,296.7,11.41,14.74
2023-05-01,06:20,37.5402,137.3053,305516,965,31,295.3,11.364,14.71
2023-05-01,06:30,37.5402,137.3053,299722,965,31,293.9,11.31,14.64
2023-05-01,06:45,37.5402,137.3053,293933,964,32,292.6,11.247,14.52
2023-05-01,07:00,37.5402,137.3053,288234,964,32,291.4,11.174,14.34
2023-05-01,07:20,37.5402,137.3053,282691,964,32,290.4,11.09,14.09
2023-05-01,07:30,37.5402,137.3053,277371,964,32,289.6,10.993,13.75
2023-05-01,07:45,37.5402,137.3053,272331,964,32,289.1,10.884,13.33
2023-05-01,08:00,37.5402,137.3053,267641,964,32,288.9,10.762,12.82
2023-05-01,08:20,37.5402,137.3053,263368,964,32,289.0,10.629,12.24
2023-05-01,08:30,37.5402,137.3053,259589,964,32,289.5,10.487,11.58
2023-05-01,08:45,37.5402,137.3053,256389,964,31,290.3,10.339,10.87
2023-05-01,09:00,37.5402,137.3053,253855,964,31,291.5,10.188,10.12
2023-05-01,09:20,37.5402,137.3053,252085,964,31,293.1,10.037,9.33
2023-05-01,09:30,37.5402,137.3053,251175,964,31,294.9,9.889,8.55
2023-05-01,09:45,37.5402,137.3053,251218,963,31,297.2,9.75,7.79
2023-05-01,10:00,37.5402,137.3053,252299,963,30,299.7,9.621,7.09
2023-05-01,10:20,37.5402,137.3053,254484,962,30,302.5,9.505,6.41
2023-05-01,10:30,37.5402,137.3053,257815,962,31,305.6,9.404,5.8
2023-05-01,10:45,37.5402,137.3053,262297,961,31,308.9,9.317,5.27
2023-05-01,11:00,37.5402,137.3053,267890,960,31,312.3,9.245,4.81
2023-05-01,11:20,37.5402,137.3053,274501,959,32,315.9,9.186,4.4
2023-05-01,11:30,37.5402,137.3053,281985,957,32,319.6,9.138,4.04
2023-05-01,11:45,37.5402,137.3053,290137,956,33,323.3,9.097,3.72
2023-05-01,12:00,37.5402,137.3053,298710,954,34,327.0,9.061,3.43
2023-05-01,12:20,37.5402,137.3053,307421,953,34,330.6,9.027,3.17
2023-05-01,12:30,37.5402,137.3053,315971,951,35,334.2,8.993,2.93
2023-05-01,12:45,37.5402,137.3053,324063,950,36,337.6,8.955,2.7
2023-05-01,13:00,37.5402,137.3053,331427,949,36,340.9,8.912,2.5
2023-05-01,13:20,37.5402,137.3053,337829,948,36,344.0,8.863,2.3
2023-05-01,13:30,37.5402,137.3053,343082,947,36,346.8,8.808,2.12
2023-05-01,13:45,37.5402,137.3053,347053,947,35,349.3,8.748,1.96
2023-05-01,14:00,37.5402,137.3053,349654,946,35,351.5,8.682,1.8
2023-05-01,14:20,37.5402,137.3053,350830,946,34,353.4,8.612,1.66
2023-05-01,14:30,37.5402,137.3053,350553,945,33,354.9,8.537,1.54
2023-05-01,14:45,37.5402,137.3053,348806,945,32,356.1,8.459,1.43
2023-05-01,15:00,37.5402,137.3053,345235,945,31,356.8,8.377,1.33
2023-05-01,15:20,37.5402,137.3053,340049,945,30,357.2,8.291,1.26
2023-05-01,15:30,37.5402,137.3053,333327,944,29,357.1,8.199,1.2
2023-05-01,15:45,37.5402,137.3053,325067,944,29,356.6,8.102,1.16
2023-05-01,16:00,37.5402,137.3053,315307,944,28,355.7,7.997,1.15
2023-05-01,16:20,37.5402,137.3053,304139,944,28,354.4,7.884,1.15
2023-05-01,16:30,37.5402,137.3053,291740,944,28,352.6,7.764,1.18
2023-05-01,16:45,37.5402,137.3053,278366,944,28,350.4,7.636,1.24
2023-05-01,17:00,37.5402,137.3053,264352,944,28,347.9,7.505,1.32
2023-05-01,17:20,37.5402,137.3053,250098,945,28,344.9,7.372,1.43
2023-05-01,17:30,37.5402,137.3053,236040,946,28,341.6,7.244,1.57
2023-05-01,17:45,37.5402,137.3053,222611,946,27,338.0,7.125,1.74
2023-05-01,18:00,37.5402,137.3053,210214,948,27,334.0,7.023,1.94
2023-05-01,18:20,37.5402,137.3053,199188,949,27,329.8,6.943,2.18
2023-05-01,18:30,37.5402,137.3053,189784,950,26,325.4,6.895,2.46
2023-05-01,18:45,37.5402,137.3053,182159,952,26,320.8,6.882,2.78
2023-05-01,19:00,37.5402,137.3053,176368,954,25,316.1,6.91,3.15
2023-05-01,19:20,37.5402,137.3053,172378,956,24,311.3,6.981,3.59
2023-05-01,19:30,37.5402,137.3053,170075,957,24,306.6,7.097,4.11
2023-05-01,19:45,37.5402,137.3053,169278,959,23,301.8,7.256,4.71
2023-05-01,20:00,37.5402,137.3053,169760,961,22,297.1,7.454,5.38
2023-05-01,20:20,37.5402,137.3053,171271,963,22,292.6,7.685,6.11
2023-05-01,20:30,37.5402,137.3053,173551,964,21,288.3,7.941,6.91
2023-05-01,20:45,37.5402,137.3053,176353,966,21,284.3,8.215,7.78
2023-05-01,21:00,37.5402,137.3053,179458,967,21,280.5,8.495,8.68
2023-05-01,21:20,37.5402,137.3053,182691,968,21,277.1,8.774,9.61
2023-05-01,21:30,37.5402,137.3053,185919,968,20,274.2,9.042,10.55
2023-05-01,21:45,37.5402,137.3053,189066,969,20,271.6,9.293,11.47
2023-05-01,22:00,37.5402,137.3053,192099,970,20,269.5,9.521,12.35
2023-05-01,22:20,37.5402,137.3053,195029,970,20,268.0,9.722,13.17
2023-05-01,22:30,37.5402,137.3053,197908,971,20,266.9,9.895,13.92
2023-05-01,22:45,37.5402,137.3053,200814,971,20,266.3,10.04,14.58
2023-05-01,23:00,37.5402,137.3053,203851,972,20,266.1,10.16,15.14
2023-05-01,23:20,37.5402,137.3053,207139,972,20,266.5,10.26,15.6
2023-05-01,23:30,37.5402,137.3053,210801,972,20,267.3,10.342,15.98
2023-05-01,23:45,37.5402,137.3053,214958,973,20,268.6,10.414,16.27
2023-05-01,00:00,37.5402,137.3053,219722,973,20,270.2,10.479,16.35
2023-05-02,01:00,37.5402,137.3053,246307,974,20,280.5,10.688,16.64
2023-05-02,01:20,37.5402,137.3053,254750,974,20,283.2,10.77,16.66
2023-05-02,01:30,37.5402,137.3053,263761,974,20,285.9,10.858,16.66
2023-05-02,01:45,37.5402,137.3053,273155,974,21,288.6,10.95,16.64
2023-05-02,02:00,37.5402,137.3053,282716,974,21,291.2,11.042,16.59
2023-05-02,02:20,37.5402,137.3053,292176,974,21,293.6,11.131,16.51
2023-05-02,02:30,37.5402,137.3053,301256,974,22,295.9,11.216,16.4
2023-05-02,02:45,37.5402,137.3053,309665,973,22,297.8,11.293,16.27
2023-05-02,3:00,37.5402,137.3053,317140,973,23,299.6,11.359,16.17
2023-05-02,3:20,37.5402,137.3053,323449,972,24,301.0,11.415,15.97
2023-05-02,3:30,37.5402,137.3053,328419,972,24,302.1,11.458,15.75
2023-05-02,3:45,37.5402,137.3053,331939,971,25,302.8,11.488,15.54
2023-05-02,04:00,37.5402,137.3053,333979,971,26,303.2,11.507,15.34
2023-05-02,04:20,37.5402,137.3053,334570,970,26,303.3,11.515,15.16
2023-05-02,4:30,37.5402,137.3053,333811,969,27,303.1,11.513,15.01
2023-05-02,04:45,37.5402,137.3053,331838,969,28,302.6,11.502,14.9
2023-05-02,5:00,37.5402,137.3053,328825,968,28,301.8,11.485,14.83
2023-05-02,5:20,37.5402,137.3053,324955,967,29,300.8,11.461,14.78
2023-05-02,5:30,37.5402,137.3053,320416,967,30,299.6,11.432,14.66
2023-05-02,5:45,37.5402,137.3053,315383,966,30,298.4,11.398,14.64
2023-05-02,06:00,37.5402,137.3053,310011,966,31,297.0,11.358,14.61
2023-05-02,06:20,37.5402,137.3053,304441,965,31,295.6,11.312,14.57
2023-05-02,06:30,37.5402,137.3053,298781,965,31,294.2,11.259,14.5
2023-05-02,06:45,37.5402,137.3053,293132,964,32,293.0,11.197,14.38
2023-05-02,07:00,37.5402,137.3053,287569,964,32,291.8,11.125,14.2
2023-05-02,07:20,37.5402,137.3053,282165,964,32,290.8,11.042,13.95
2023-05-02,07:30,37.5402,137.3053,276978,964,32,290.1,10.947,13.61
2023-05-02,07:45,37.5402,137.3053,272071,964,32,289.6,10.84,13.2
2023-05-02,08:00,37.5402,137.3053,267513,964,32,289.4,10.721,12.7
2023-05-02,08:20,37.5402,137.3053,263362,964,32,289.6,10.592,12.13
2023-05-02,08:30,37.5402,137.3053,259699,964,31,290.0,10.454,11.48
2023-05-02,08:45,37.5402,137.3053,256605,964,31,290.8,10.31,10.78
2023-05-02,09:00,37.5402,137.3053,254166,964,31,292.0,10.163,10.04
2023-05-02,09:20,37.5402,137.3053,252479,964,31,293.5,10.016,9.27
2023-05-02,09:30,37.5402,137.3053,251635,964,31,295.4,9.873,8.5
2023-05-02,09:45,37.5402,137.3053,251732,963,30,297.6,9.738,7.75
2023-05-02,10:00,37.5402,137.3053,252850,963,30,300.1,9.613,7.05
2023-05-02,10:20,37.5402,137.3053,255060,963,30,302.9,9.5,6.37
2023-05-02,10:30,37.5402,137.3053,258405,962,30,305.9,9.401,5.77
2023-05-02,10:45,37.5402,137.3053,262894,961,31,309.1,9.317,5.15
2023-05-02,11:00,37.5402,137.3053,268493,960,31,312.6,9.247,4.79
2023-05-02,11:20,37.5402,137.3053,275117,959,32,316.1,9.19,4.39
2023-05-02,11:30,37.5402,137.3053,282624,957,32,319.7,9.143,4.03
2023-05-02,11:45,37.5402,137.3053,290819,956,33,323.4,9.104,3.71
2023-05-02,12:00,37.5402,137.3053,299459,954,34,327.1,9.07,3.43
2023-05-02,12:20,37.5402,137.3053,308265,953,34,330.7,9.038,3.17
2023-05-02,12:30,37.5402,137.3053,316938,952,35,334.3,9.005,2.93
2023-05-02,12:45,37.5402,137.3053,325183,950,36,337.7,8.97,2.7
2023-05-02,13:00,37.5402,137.3053,332721,949,36,341.0,8.929,2.5
2023-05-02,13:20,37.5402,137.3053,339310,948,36,344.0,8.882,2.3
2023-05-02,13:30,37.5402,137.3053,344758,947,36,346.9,8.829,2.12
2023-05-02,13:45,37.5402,137.3053,348918,947,35,349.4,8.771,1.96
2023-05-02,14:00,37.5402,137.3053,351690,946,35,351.6,8.706,1.81
2023-05-02,14:20,37.5402,137.3053,353015,946,34,353.5,8.637,1.67
2023-05-02,14:30,37.5402,137.3053,352853,946,33,355.1,8.564,1.54
2023-05-02,14:45,37.5402,137.3053,351187,945,32,356.2,8.486,1.43
2023-05-02,15:00,37.5402,137.3053,347645,945,31,357.0,8.405,1.34
2023-05-02,15:20,37.5402,137.3053,342454,945,30,357.3,8.319,1.26
2023-05-02,15:30,37.5402,137.3053,335691,945,29,357.2,8.228,1.2
2023-05-02,15:45,37.5402,137.3053,327363,944,29,356.7,8.131,1.17
2023-05-02,16:00,37.5402,137.3053,317509,944,28,355.8,8.026,1.15
2023-05-02,16:20,37.5402,137.3053,306231,944,28,354.4,7.914,1.16
2023-05-02,16:30,37.5402,137.3053,293709,944,28,352.6,7.794,1.19
2023-05-02,16:45,37.5402,137.3053,280206,944,28,350.4,7.668,1.25
2023-05-02,17:00,37.5402,137.3053,266061,945,28,347.8,7.537,1.33
2023-05-02,17:20,37.5402,137.3053,251678,945,28,344.8,7.405,1.45
2023-05-02,17:30,37.5402,137.3053,237494,946,28,341.4,7.277,1.59
2023-05-02,17:45,37.5402,137.3053,223947,947,27,337.7,7.159,1.77
2023-05-02,18:00,37.5402,137.3053,211439,948,27,333.8,7.057,1.98
2023-05-02,18:20,37.5402,137.3053,200308,949,27,329.5,6.978,2.22
2023-05-02,18:30,37.5402,137.3053,190802,951,26,325.1,6.929,2.5
2023-05-02,18:45,37.5402,137.3053,183081,952,26,320.5,6.915,2.82
2023-05-02,19:00,37.5402,137.3053,177197,954,25,315.8,6.942,3.21
2023-05-02,19:20,37.5402,137.3053,173116,956,24,311.0,7.012,3.65
2023-05-02,19:30,37.5402,137.3053,170723,958,24,306.2,7.126,4.17
2023-05-02,19:45,37.5402,137.3053,169838,960,23,301.5,7.283,4.77
2023-05-02,20:00,37.5402,137.3053,170239,961,22,296.8,7.477,5.44
2023-05-02,20:20,37.5402,137.3053,171674,963,22,292.4,7.705,6.16
2023-05-02,20:30,37.5402,137.3053,173885,964,21,288.1,7.957,6.96
2023-05-02,20:45,37.5402,137.3053,176627,966,21,284.2,8.225,7.81
2023-05-02,21:00,37.5402,137.3053,179686,967,21,280.5,8.5,8.71
2023-05-02,21:20,37.5402,137.3053,182881,968,21,277.2,8.773,9.62
2023-05-02,21:30,37.5402,137.3053,186085,969,20,274.4,9.035,10.54
2023-05-02,21:45,37.5402,137.3053,189216,969,20,271.9,9.279,11.43
2023-05-02,22:00,37.5402,137.3053,192241,970,20,270.0,9.499,12.28
2023-05-02,22:20,37.5402,137.3053,195169,970,20,268.5,9.693,13.08
2023-05-02,22:30,37.5402,137.3053,198050,971,20,267.5,9.859,13.8
2023-05-02,22:45,37.5402,137.3053,200962,971,20,267.0,9.998,14.43
2023-05-02,23:00,37.5402,137.3053,204005,972,20,267.0,10.113,14.96
2023-05-02,23:20,37.5402,137.3053,207299,972,20,267.4,10.207,15.4
2023-05-02,23:30,37.5402,137.3053,210964,972,20,268.3,10.285,15.75
2023-05-02,23:45,37.5402,137.3053,215123,973,20,269.6,10.353,16.02
2023-05-02,00:00,37.5402,137.3053,219886,973,20,271.2,10.415,16.1
2023-05-03,01:00,37.5402,137.3053,246358,974,20,281.5,10.621,16.38
2023-05-03,01:20,37.5402,137.3053,254739,974,20,284.2,10.704,16.4
2023-05-03,01:30,37.5402,137.3053,263662,974,20,286.8,10.792,16.41
2023-05-03,01:45,37.5402,137.3053,272945,974,21,289.4,10.884,16.39
2023-05-03,02:00,37.5402,137.3053,282367,974,21,292.0,10.977,16.35
2023-05-03,02:20,37.5402,137.3053,291666,974,21,294.3,11.067,16.28
2023-05-03,02:30,37.5402,137.3053,300568,974,22,296.5,11.152,16.19
2023-05-03,02:45,37.5402,137.3053,308787,973,22,298.4,11.23,16.07
2023-05-03,3:00,37.5402,137.3053,316072,973,23,300.0,11.297,15.98
2023-05-03,3:20,37.5402,137.3053,322198,972,24,301.4,11.353,15.78
2023-05-03,3:30,37.5402,137.3053,327005,972,24,302.4,11.397,15.58
2023-05-03,3:45,37.5402,137.3053,330395,971,25,303.1,11.428,15.37
2023-05-03,04:00,37.5402,137.3053,332340,971,26,303.5,11.448,15.18
2023-05-03,04:20,37.5402,137.3053,332875,970,26,303.5,11.457,15.01
2023-05-03,4:30,37.5402,137.3053,332098,969,27,303.3,11.456,14.87
2023-05-03,04:45,37.5402,137.3053,330146,969,28,302.8,11.447,14.76
2023-05-03,5:00,37.5402,137.3053,327186,968,28,302.0,11.43,14.69
2023-05-03,5:20,37.5402,137.3053,323399,967,29,301.0,11.407,14.65
2023-05-03,5:30,37.5402,137.3053,318961,967,30,299.9,11.379,14.53
2023-05-03,5:45,37.5402,137.3053,314043,966,30,298.6,11.345,14.51
2023-05-03,06:00,37.5402,137.3053,308797,966,31,297.2,11.306,14.48
2023-05-03,06:20,37.5402,137.3053,303356,965,31,295.9,11.26,14.44
2023-05-03,06:30,37.5402,137.3053,297833,965,31,294.6,11.208,14.36
2023-05-03,06:45,37.5402,137.3053,292319,965,32,293.3,11.146,14.24
2023-05-03,07:00,37.5402,137.3053,286894,964,32,292.2,11.075,14.06
2023-05-03,07:20,37.5402,137.3053,281627,964,32,291.3,10.994,13.81
2023-05-03,07:30,37.5402,137.3053,276576,964,32,290.6,10.901,13.48
2023-05-03,07:45,37.5402,137.3053,271804,964,32,290.1,10.796,13.07
2023-05-03,08:00,37.5402,137.3053,267374,964,32,290.0,10.681,12.58
2023-05-03,08:20,37.5402,137.3053,263349,964,32,290.1,10.555,12.02
2023-05-03,08:30,37.5402,137.3053,259803,964,31,290.6,10.421,11.38
2023-05-03,08:45,37.5402,137.3053,256816,964,31,291.4,10.281,10.7
2023-05-03,09:00,37.5402,137.3053,254475,964,31,292.5,10.138,9.97
2023-05-03,09:20,37.5402,137.3053,252872,964,31,294.0,9.996,9.21
2023-05-03,09:30,37.5402,137.3053,252096,964,30,295.9,9.857,8.45
2023-05-03,09:45,37.5402,137.3053,252246,964,30,298.0,9.726,7.71
2023-05-03,10:00,37.5402,137.3053,253402,963,30,300.5,9.604,7.01
2023-05-03,10:20,37.5402,137.3053,255638,963,30,303.2,9.494,6.34
2023-05-03,10:30,37.5402,137.3053,258999,962,30,306.2,9.399,5.75
2023-05-03,10:45,37.5402,137.3053,263495,961,31,309.4,9.317,5.16
2023-05-03,11:00,37.5402,137.3053,269100,960,31,312.8,9.249,4.77
2023-05-03,11:20,37.5402,137.3053,275735,959,31,316.3,9.194,4.37
2023-05-03,11:30,37.5402,137.3053,283265,957,32,319.9,9.149,4.02
2023-05-03,11:45,37.5402,137.3053,291504,956,33,323.5,9.111,3.7
2023-05-03,12:00,37.5402,137.3053,300210,955,34,327.2,9.079,3.42
2023-05-03,12:20,37.5402,137.3053,309110,953,34,330.8,9.049,3.16
2023-05-03,12:30,37.5402,137.3053,317908,952,35,334.4,9.018,2.92
2023-05-03,12:45,37.5402,137.3053,326303,950,36,337.8,8.985,2.7
2023-05-03,13:00,37.5402,137.3053,334016,949,36,341.1,8.946,2.5
2023-05-03,13:20,37.5402,137.3053,340797,948,36,344.1,8.901,2.31
2023-05-03,13:30,37.5402,137.3053,346439,947,36,347.0,8.851,2.13
2023-05-03,13:45,37.5402,137.3053,350788,947,35,349.5,8.794,1.96
2023-05-03,14:00,37.5402,137.3053,353735,946,35,351.8,8.731,1.81
2023-05-03,14:20,37.5402,137.3053,355209,946,34,353.7,8.663,1.67
2023-05-03,14:30,37.5402,137.3053,355166,946,33,355.2,8.59,1.54
2023-05-03,14:45,37.5402,137.3053,353580,945,32,356.4,8.514,1.43
2023-05-03,15:00,37.5402,137.3053,350069,945,31,357.1,8.433,1.34
2023-05-03,15:20,37.5402,137.3053,344868,945,30,357.5,8.348,1.26
2023-05-03,15:30,37.5402,137.3053,338066,945,29,357.4,8.257,1.21
2023-05-03,15:45,37.5402,137.3053,329667,944,28,356.9,8.16,1.17
2023-05-03,16:00,37.5402,137.3053,319719,944,28,355.9,8.056,1.15
2023-05-03,16:20,37.5402,137.3053,308330,944,28,354.5,7.944,1.16
2023-05-03,16:30,37.5402,137.3053,295684,944,28,352.6,7.825,1.2
2023-05-03,16:45,37.5402,137.3053,282049,945,27,350.4,7.699,1.26
2023-05-03,17:00,37.5402,137.3053,267772,945,27,347.7,7.569,1.35
2023-05-03,17:20,37.5402,137.3053,253258,946,28,344.7,7.438,1.46
2023-05-03,17:30,37.5402,137.3053,238948,946,27,341.3,7.311,1.61
2023-05-03,17:45,37.5402,137.3053,225281,947,27,337.5,7.193,1.79
2023-05-03,18:00,37.5402,137.3053,212661,948,27,333.5,7.091,2.01
2023-05-03,18:20,37.5402,137.3053,201422,950,27,329.2,7.012,2.26
2023-05-03,18:30,37.5402,137.3053,191818,951,26,324.8,6.963,2.54
2023-05-03,18:45,37.5402,137.3053,183999,953,26,320.1,6.949,2.87
2023-05-03,19:00,37.5402,137.3053,178022,954,25,315.4,6.975,3.26
2023-05-03,19:20,37.5402,137.3053,173849,956,24,310.6,7.043,3.71
2023-05-03,19:30,37.5402,137.3053,171367,958,24,305.9,7.155,4.23
2023-05-03,19:45,37.5402,137.3053,170397,960,23,301.2,7.309,4.84
2023-05-03,20:00,37.5402,137.3053,170716,962,22,296.6,7.501,5.5
2023-05-03,20:20,37.5402,137.3053,172075,963,22,292.2,7.724,6.22
2023-05-03,20:30,37.5402,137.3053,174218,965,21,288.0,7.972,7.01
2023-05-03,20:45,37.5402,137.3053,176902,966,21,284.1,8.235,7.85
2023-05-03,21:00,37.5402,137.3053,179913,967,21,280.5,8.505,8.73
2023-05-03,21:20,37.5402,137.3053,183072,968,21,277.3,8.771,9.63
2023-05-03,21:30,37.5402,137.3053,186250,969,20,274.6,9.027,10.52
2023-05-03,21:45,37.5402,137.3053,189366,969,20,272.2,9.264,11.39
2023-05-03,22:00,37.5402,137.3053,192381,970,20,270.4,9.477,12.22
2023-05-03,22:20,37.5402,137.3053,195306,970,20,269.0,9.664,12.99
2023-05-03,22:30,37.5402,137.3053,198190,971,20,268.1,9.824,13.68
2023-05-03,22:45,37.5402,137.3053,201104,971,20,267.7,9.956,14.28
2023-05-03,23:00,37.5402,137.3053,204152,972,20,267.8,10.065,14.78
2023-05-03,23:20,37.5402,137.3053,207449,972,20,268.3,10.154,15.2
2023-05-03,23:30,37.5402,137.3053,211118,972,20,269.2,10.228,15.53
2023-05-03,23:45,37.5402,137.3053,215278,973,20,270.6,10.292,15.78
2023-05-03,00:00,37.5402,137.3053,220037,973,20,272.3,10.352,15.97
2023-05-04,01:00,37.5402,137.3053,246395,974,20,282.5,10.554,16.11
2023-05-04,01:20,37.5402,137.3053,254711,974,20,285.1,10.637,16.14
2023-05-04,01:30,37.5402,137.3053,263548,974,20,287.7,10.726,16.15
2023-05-04,01:45,37.5402,137.3053,272722,974,21,290.3,10.818,16.14
2023-05-04,02:00,37.5402,137.3053,282004,974,21,292.7,10.912,16.11
2023-05-04,02:20,37.5402,137.3053,291144,974,21,295.0,11.003,16.06
2023-05-04,02:30,37.5402,137.3053,299864,974,22,297.1,11.088,15.97
2023-05-04,02:45,37.5402,137.3053,307897,973,22,299.0,11.166,15.86
2023-05-04,3:00,37.5402,137.3053,314992,973,23,300.5,11.235,15.78
2023-05-04,3:20,37.5402,137.3053,320939,972,24,301.8,11.291,15.59
2023-05-04,3:30,37.5402,137.3053,325586,972,24,302.8,11.336,15.4
2023-05-04,3:45,37.5402,137.3053,328846,971,25,303.4,11.368,15.21
2023-05-04,04:00,37.5402,137.3053,330695,971,26,303.7,11.389,15.03
2023-05-04,04:20,37.5402,137.3053,331177,970,26,303.7,11.399,14.87
2023-05-04,4:30,37.5402,137.3053,330383,969,27,303.5,11.399,14.73
2023-05-04,04:45,37.5402,137.3053,328453,969,28,302.9,11.391,14.63
2023-05-04,5:00,37.5402,137.3053,325546,968,28,302.2,11.376,14.56
2023-05-04,5:20,37.5402,137.3053,321838,967,29,301.2,11.354,14.52
2023-05-04,5:30,37.5402,137.3053,317500,967,30,300.1,11.326,14.4
2023-05-04,5:45,37.5402,137.3053,312697,966,30,298.8,11.293,14.38
2023-05-04,06:00,37.5402,137.3053,307576,966,31,297.5,11.254,14.35
2023-05-04,06:20,37.5402,137.3053,302266,965,31,296.2,11.209,14.3
2023-05-04,06:30,37.5402,137.3053,296876,965,31,294.9,11.156,14.22
2023-05-04,06:45,37.5402,137.3053,291500,965,32,293.7,11.096,14.1
2023-05-04,07:00,37.5402,137.3053,286211,964,32,292.6,11.026,13.92
2023-05-04,07:20,37.5402,137.3053,281079,964,32,291.7,10.946,13.67
2023-05-04,07:30,37.5402,137.3053,276165,964,32,291.1,10.855,13.34
2023-05-04,07:45,37.5402,137.3053,271530,964,32,290.6,10.753,12.94
2023-05-04,08:00,37.5402,137.3053,267230,964,32,290.5,10.64,12.46
2023-05-04,08:20,37.5402,137.3053,263329,964,32,290.6,10.518,11.9
2023-05-04,08:30,37.5402,137.3053,259903,964,31,291.1,10.388,11.29
2023-05-04,08:45,37.5402,137.3053,257025,964,31,291.9,10.252,10.61
2023-05-04,09:00,37.5402,137.3053,254782,964,31,293.0,10.114,9.89
2023-05-04,09:20,37.5402,137.3053,253264,964,31,294.5,9.976,9.15
2023-05-04,09:30,37.5402,137.3053,252559,964,30,296.3,9.841,8.4
2023-05-04,09:45,37.5402,137.3053,252763,964,30,298.5,9.714,7.66
2023-05-04,10:00,37.5402,137.3053,253959,963,30,300.9,9.595,6.97
2023-05-04,10:20,37.5402,137.3053,256221,963,30,303.6,9.489,6.31
2023-05-04,10:30,37.5402,137.3053,259594,962,30,306.5,9.396,5.72
2023-05-04,10:45,37.5402,137.3053,264099,961,30,309.7,9.317,5.16
2023-05-04,11:00,37.5402,137.3053,269711,960,31,313.0,9.251,4.75
2023-05-04,11:20,37.5402,137.3053,276357,959,31,316.5,9.197,4.36
2023-05-04,11:30,37.5402,137.3053,283911,958,32,320.1,9.154,4.01
2023-05-04,11:45,37.5402,137.3053,292191,956,33,323.7,9.119,3.7
2023-05-04,12:00,37.5402,137.3053,300962,955,33,327.3,9.088,3.41
2023-05-04,12:20,37.5402,137.3053,309958,953,34,330.9,9.06,3.16
2023-05-04,12:30,37.5402,137.3053,318881,952,35,334.5,9.031,2.92
2023-05-04,12:45,37.5402,137.3053,327429,950,35,337.9,8.999,2.7
2023-05-04,13:00,37.5402,137.3053,335317,949,36,341.2,8.963,2.5
2023-05-04,13:20,37.5402,137.3053,342289,948,36,344.2,8.92,2.31
2023-05-04,13:30,37.5402,137.3053,348127,947,36,347.1,8.872,2.13
2023-05-04,13:45,37.5402,137.3053,352668,947,35,349.6,8.816,1.96
2023-05-04,14:00,37.5402,137.3053,355791,946,35,351.9,8.755,1.81
2023-05-04,14:20,37.5402,137.3053,357415,946,34,353.8,8.688,1.67
2023-05-04,14:30,37.5402,137.3053,357490,946,33,355.3,8.617,1.54
2023-05-04,14:45,37.5402,137.3053,355986,945,32,356.5,8.541,1.43
2023-05-04,15:00,37.5402,137.3053,352505,945,31,357.3,8.461,1.34
2023-05-04,15:20,37.5402,137.3053,347297,945,30,357.6,8.376,1.26
2023-05-04,15:30,37.5402,137.3053,340454,945,29,357.5,8.286,1.21
2023-05-04,15:45,37.5402,137.3053,331983,945,28,357.0,8.189,1.17
2023-05-04,16:00,37.5402,137.3053,321939,945,28,356.0,8.086,1.16
2023-05-04,16:20,37.5402,137.3053,310436,945,28,354.5,7.974,1.17
2023-05-04,16:30,37.5402,137.3053,297664,945,27,352.7,7.856,1.2
2023-05-04,16:45,37.5402,137.3053,283896,945,27,350.4,7.731,1.27
2023-05-04,17:00,37.5402,137.3053,269484,945,27,347.6,7.601,1.36
2023-05-04,17:20,37.5402,137.3053,254838,946,27,344.6,7.471,1.48
2023-05-04,17:30,37.5402,137.3053,240401,947,27,341.1,7.344,1.63
2023-05-04,17:45,37.5402,137.3053,226613,948,27,337.3,7.227,1.82
2023-05-04,18:00,37.5402,137.3053,213878,949,27,333.3,7.126,2.04
2023-05-04,18:20,37.5402,137.3053,202535,950,27,329.0,7.047,2.29
2023-05-04,18:30,37.5402,137.3053,192829,951,26,324.4,6.997,2.59
2023-05-04,18:45,37.5402,137.3053,184912,953,26,319.8,6.982,2.92
2023-05-04,19:00,37.5402,137.3053,178842,955,25,315.1,7.007,3.32
2023-05-04,19:20,37.5402,137.3053,174579,957,24,310.3,7.074,3.77
2023-05-04,19:30,37.5402,137.3053,172008,958,24,305.5,7.184,4.29
2023-05-04,19:45,37.5402,137.3053,170953,960,23,300.8,7.336,4.9
2023-05-04,20:00,37.5402,137.3053,171191,962,22,296.3,7.524,5.56
2023-05-04,20:20,37.5402,137.3053,172474,963,22,291.9,7.744,6.28
2023-05-04,20:30,37.5402,137.3053,174551,965,21,287.8,7.987,7.06
2023-05-04,20:45,37.5402,137.3053,177177,966,21,284.0,8.246,7.89
2023-05-04,21:00,37.5402,137.3053,180141,967,21,280.5,8.51,8.76
2023-05-04,21:20,37.5402,137.3053,183264,968,21,277.5,8.77,9.64
2023-05-04,21:30,37.5402,137.3053,186418,969,20,274.8,9.019,10.51
2023-05-04,21:45,37.5402,137.3053,189516,970,20,272.6,9.249,11.36
2023-05-04,22:00,37.5402,137.3053,192521,970,20,270.8,9.456,12.16
2023-05-04,22:20,37.5402,137.3053,195445,971,20,269.5,9.636,12.9
2023-05-04,22:30,37.5402,137.3053,198326,971,20,268.7,9.788,13.56
2023-05-04,22:45,37.5402,137.3053,201242,971,20,268.4,9.915,14.13
2023-05-04,23:00,37.5402,137.3053,204293,972,20,268.6,10.018,14.61
2023-05-04,23:20,37.5402,137.3053,207593,972,20,269.2,10.101,15.0
2023-05-04,23:30,37.5402,137.3053,211262,972,20,270.2,10.171,15.31
2023-05-04,23:45,37.5402,137.3053,215419,973,20,271.6,10.232,15.54
2023-05-04,00:00,37.5402,137.3053,220175,973,20,273.3,10.289,15.72
2023-05-05,01:00,37.5402,137.3053,246418,974,20,283.5,10.487,15.85
2023-05-05,01:20,37.5402,137.3053,254671,974,20,286.1,10.57,15.88
2023-05-05,01:30,37.5402,137.3053,263418,974,20,288.7,10.66,15.9
2023-05-05,01:45,37.5402,137.3053,272479,974,21,291.2,10.753,15.9
2023-05-05,02:00,37.5402,137.3053,281630,974,21,293.5,10.847,15.88
2023-05-05,02:20,37.5402,137.3053,290608,974,22,295.7,10.938,15.83
2023-05-05,02:30,37.5402,137.3053,299152,974,22,297.7,11.025,15.76
2023-05-05,02:45,37.5402,137.3053,306996,973,23,299.5,11.103,15.66
2023-05-05,3:00,37.5402,137.3053,313902,973,23,301.0,11.172,15.58
2023-05-05,3:20,37.5402,137.3053,319670,972,24,302.2,11.23,15.41
2023-05-05,3:30,37.5402,137.3053,324161,972,24,303.1,11.275,15.23
2023-05-05,3:45,37.5402,137.3053,327291,971,25,303.7,11.309,15.05
2023-05-05,04:00,37.5402,137.3053,329045,971,26,304.0,11.33,14.87
2023-05-05,04:20,37.5402,137.3053,329474,970,26,304.0,11.341,14.72
2023-05-05,4:30,37.5402,137.3053,328666,969,27,303.7,11.343,14.59
2023-05-05,04:45,37.5402,137.3053,326755,969,28,303.1,11.336,14.5
2023-05-05,5:00,37.5402,137.3053,323903,968,28,302.3,11.321,14.43
2023-05-05,5:20,37.5402,137.3053,320273,967,29,301.4,11.3,14.39
2023-05-05,5:30,37.5402,137.3053,316035,967,30,300.3,11.273,14.27
2023-05-05,5:45,37.5402,137.3053,311346,966,30,299.0,11.241,14.25
2023-05-05,06:00,37.5402,137.3053,306347,966,31,297.8,11.202,14.21
