DayC,Hour,Latitude,Longitude,magnitud,profundidad,Electron_density_Ne,o+,NO,hmF2,foF2,tec_GIM,sismo
2017-09-01,01:00,14.7,261.98,0.0,0.0,490000000000.0,99.0,0.1,261.6,6.503,22.0,0.0
2017-09-01,02:00,14.7,261.98,0.0,0.0,310000000000.0,99.7,0.1,273.8,5.071,15.2,0.0
2017-09-01,03:00,14.7,261.98,0.0,0.0,204000000000.0,99.7,0.2,299.8,4.055,10.1,0.0
2017-09-01,04:00,14.7,261.98,0.0,0.0,150000000000.0,99.7,0.2,319.5,3.637,8.4,0.0
2017-09-01,05:00,14.7,261.98,0.0,0.0,139000000000.0,99.7,0.2,322.5,3.544,8.0,0.0
2017-09-01,06:00,14.7,261.98,0.0,0.0,144000000000.0,99.7,0.1,314.6,3.486,7.9,0.0
2017-09-01,07:00,14.7,261.98,0.0,0.0,150000000000.0,99.7,0.1,303.6,3.479,7.7,0.0
2017-09-01,08:00,14.7,261.98,3.7,64.4,153000000000.0,99.7,0.1,297.5,3.509,8.3,1.0
2017-09-01,09:00,14.7,261.98,0.0,0.0,136000000000.0,99.7,0.2,297.7,3.313,8.0,0.0
2017-09-01,10:00,14.7,261.98,0.0,0.0,106000000000.0,99.6,0.2,298.8,2.922,6.2,0.0
2017-09-01,11:00,14.7,261.98,3.5,148.9,105000000000.0,99.6,0.2,291.6,2.918,7.4,1.0
2017-09-01,12:00,14.7,261.98,0.0,0.0,165000000000.0,97.5,0.6,274.6,3.691,6.5,0.0
2017-09-01,13:00,14.7,261.98,4.4,100.0,265000000000.0,97.2,0.6,258.2,4.785,6.0,1.0
2017-09-01,14:00,14.7,261.98,3.8,176.6,345000000000.0,97.8,0.4,254.0,5.512,11.9,1.0
2017-09-01,15:00,14.7,261.98,0.0,0.0,406000000000.0,98.1,0.3,262.3,5.905,13.7,0.0
2017-09-01,16:00,14.7,261.98,0.0,0.0,510000000000.0,98.5,0.2,275.0,6.504,14.1,0.0
2017-09-01,17:00,14.7,261.98,3.5,93.0,688000000000.0,98.8,0.1,286.3,7.477,16.0,1.0
2017-09-01,18:00,14.7,261.98,0.0,0.0,892000000000.0,99.0,0.1,293.3,8.487,18.9,0.0
2017-09-01,19:00,14.7,261.98,0.0,0.0,1070000000000.0,99.2,0.1,293.7,9.28,23.3,0.0
2017-09-01,20:00,14.7,261.98,0.0,0.0,1190000000000.0,99.2,0.1,288.0,9.851,30.5,0.0
2017-09-01,21:00,14.7,261.98,3.4,63.7,1250000000000.0,99.2,0.1,281.9,10.116,32.2,1.0
2017-09-01,22:00,14.7,261.98,0.0,0.0,1180000000000.0,99.2,0.1,276.3,9.904,32.9,0.0
2017-09-01,23:00,14.7,261.98,0.0,0.0,990000000000.0,99.1,0.1,268.2,9.178,32.9,0.0
2017-09-02,01:00,14.7,261.98,0.0,0.0,499000000000.0,99.0,0.1,261.0,6.568,25.2,0.0
2017-09-02,02:00,14.7,261.98,0.0,0.0,314000000000.0,99.7,0.1,273.5,5.105,21.5,0.0
2017-09-02,03:00,14.7,261.98,0.0,0.0,206000000000.0,99.7,0.2,299.8,4.078,14.6,0.0
2017-09-02,04:00,14.7,261.98,3.7,50.0,151000000000.0,99.6,0.2,319.5,3.657,11.2,1.0
2017-09-02,05:00,14.7,261.98,0.0,0.0,140000000000.0,99.7,0.2,322.4,3.559,10.0,0.0
2017-09-02,06:00,14.7,261.98,0.0,0.0,145000000000.0,99.7,0.2,314.5,3.496,8.4,0.0
2017-09-02,07:00,14.7,261.98,3.5,93.7,150000000000.0,99.7,0.2,303.5,3.487,8.2,1.0
2017-09-02,08:00,14.7,261.98,0.0,0.0,153000000000.0,99.7,0.2,297.4,3.511,8.4,0.0
2017-09-02,09:00,14.7,261.98,4.1,105.8,136000000000.0,99.7,0.2,297.6,3.313,8.2,1.0
2017-09-02,10:00,14.7,261.98,3.4,127.0,106000000000.0,99.6,0.2,298.6,2.922,6.6,1.0
2017-09-02,10:00,14.7,261.98,3.8,44.4,106000000000.0,99.6,0.2,298.6,2.922,6.6,1.0
2017-09-02,11:00,14.7,261.98,0.0,0.0,106000000000.0,99.6,0.2,291.5,2.924,6.4,0.0
2017-09-02,12:00,14.7,261.98,0.0,0.0,166000000000.0,97.5,0.6,274.6,3.704,5.2,0.0
2017-09-02,13:00,14.7,261.98,0.0,0.0,266000000000.0,97.2,0.6,258.1,4.798,5.6,0.0
2017-09-02,14:00,14.7,261.98,0.0,0.0,346000000000.0,97.8,0.4,253.8,5.523,11.5,0.0
2017-09-02,15:00,14.7,261.98,0.0,0.0,407000000000.0,98.1,0.3,262.0,5.914,12.4,0.0
2017-09-02,16:00,14.7,261.98,0.0,0.0,511000000000.0,98.5,0.2,274.5,6.513,15.1,0.0
2017-09-02,17:00,14.7,261.98,0.0,0.0,688000000000.0,98.8,0.1,285.8,7.481,17.8,0.0
2017-09-02,18:00,14.7,261.98,0.0,0.0,892000000000.0,99.0,0.1,292.8,8.488,21.2,0.0
2017-09-02,19:00,14.7,261.98,0.0,0.0,1070000000000.0,99.2,0.1,293.1,9.283,25.5,0.0
2017-09-02,20:00,14.7,261.98,0.0,0.0,1200000000000.0,99.2,0.1,287.4,9.857,31.1,0.0
2017-09-02,21:00,14.7,261.98,3.6,94.4,1250000000000.0,99.2,0.1,281.2,10.123,32.7,1.0
2017-09-02,22:00,14.7,261.98,0.0,0.0,1180000000000.0,99.2,0.1,275.6,9.904,33.1,0.0
2017-09-02,23:00,14.7,261.98,0.0,0.0,985000000000.0,99.1,0.1,267.5,9.165,33.6,0.0
2017-09-03,0,14.7,261.98,3.7,17.2,732000000000.0,98.8,0.1,259.8,8.001,30.1,1.0
2017-09-03,01:00,14.7,261.98,0.0,0.0,494000000000.0,99.0,0.1,260.5,6.539,21.0,0.0
2017-09-03,02:00,14.7,261.98,0.0,0.0,310000000000.0,99.7,0.1,273.2,5.07,12.2,0.0
2017-09-03,03:00,14.7,261.98,0.0,0.0,203000000000.0,99.7,0.2,299.7,4.041,9.1,0.0
2017-09-03,04:00,14.7,261.98,0.0,0.0,149000000000.0,99.7,0.2,319.5,3.627,8.5,0.0
2017-09-03,05:00,14.7,261.98,0.0,0.0,139000000000.0,99.7,0.2,322.4,3.537,8.1,0.0
2017-09-03,06:00,14.7,261.98,3.9,96.4,144000000000.0,99.7,0.1,314.5,3.478,8.2,1.0
2017-09-03,07:00,14.7,261.98,0.0,0.0,149000000000.0,99.7,0.1,303.4,3.473,7.7,0.0
2017-09-03,08:00,14.7,261.98,0.0,0.0,152000000000.0,99.7,0.1,297.2,3.498,7.3,0.0
2017-09-03,09:00,14.7,261.98,0.0,0.0,135000000000.0,99.7,0.1,297.4,3.296,6.2,0.0
2017-09-03,10:00,14.7,261.98,0.0,0.0,105000000000.0,99.7,0.2,298.5,2.906,6.7,0.0
2017-09-03,11:00,14.7,261.98,0.0,0.0,105000000000.0,99.7,0.2,291.5,2.915,6.1,0.0
2017-09-03,12:00,14.7,261.98,0.0,0.0,166000000000.0,97.5,0.6,274.6,3.704,6.5,0.0
2017-09-03,13:00,14.7,261.98,0.0,0.0,267000000000.0,97.2,0.5,258.1,4.805,11.7,0.0
2017-09-03,14:00,14.7,261.98,3.9,64.2,348000000000.0,97.8,0.4,253.7,5.539,14.4,1.0
2017-09-03,14:00,14.7,261.98,3.8,10.9,348000000000.0,97.8,0.4,253.7,5.539,14.4,1.0
2017-09-03,14:00,14.7,261.98,4.0,11.3,348000000000.0,97.8,0.4,253.7,5.539,14.4,1.0
2017-09-03,15:00,14.7,261.98,3.7,106.2,411000000000.0,98.1,0.3,261.6,5.942,16.8,1.0
2017-09-03,16:00,14.7,261.98,0.0,0.0,516000000000.0,98.4,0.2,274.0,6.551,20.4,0.0
2017-09-03,17:00,14.7,261.98,0.0,0.0,694000000000.0,98.8,0.1,285.3,7.52,26.0,0.0
2017-09-03,18:00,14.7,261.98,0.0,0.0,898000000000.0,99.0,0.1,292.3,8.52,31.0,0.0
2017-09-03,19:00,14.7,261.98,3.9,18.8,1070000000000.0,99.1,0.1,292.6,9.308,41.6,1.0
2017-09-03,20:00,14.7,261.98,3.8,173.8,1200000000000.0,99.2,0.1,286.7,9.873,47.3,1.0
2017-09-03,21:00,14.7,261.98,0.0,0.0,1250000000000.0,99.2,0.1,280.6,10.129,48.3,0.0
2017-09-03,22:00,14.7,261.98,0.0,0.0,1170000000000.0,99.2,0.1,274.9,9.894,46.3,0.0
2017-09-03,23:00,14.7,261.98,0.0,0.0,976000000000.0,99.0,0.1,266.8,9.139,33.3,0.0
2017-09-04,01:00,14.7,261.98,3.9,99.4,484000000000.0,98.9,0.2,259.9,6.478,23.0,1.0
2017-09-04,02:00,14.7,261.98,0.0,0.0,302000000000.0,99.7,0.1,272.9,5.008,17.5,0.0
2017-09-04,03:00,14.7,261.98,3.7,65.9,197000000000.0,99.6,0.2,299.7,3.988,10.6,1.0
2017-09-04,04:00,14.7,261.98,0.0,0.0,146000000000.0,99.6,0.2,319.5,3.583,9.1,0.0
2017-09-04,05:00,14.7,261.98,0.0,0.0,136000000000.0,99.6,0.2,322.4,3.499,7.7,0.0
2017-09-04,06:00,14.7,261.98,4.0,80.6,141000000000.0,99.7,0.2,314.4,3.447,7.8,1.0
2017-09-04,07:00,14.7,261.98,4.0,137.9,147000000000.0,99.7,0.2,303.3,3.449,7.7,1.0
2017-09-04,08:00,14.7,261.98,4.2,17.1,150000000000.0,99.7,0.2,297.1,3.478,7.4,1.0
2017-09-04,09:00,14.7,261.98,3.9,95.8,133000000000.0,99.6,0.2,297.2,3.276,6.4,1.0
2017-09-04,10:00,14.7,261.98,0.0,0.0,104000000000.0,99.6,0.2,298.3,2.889,7.0,0.0
2017-09-04,11:00,14.7,261.98,0.0,0.0,105000000000.0,99.6,0.2,291.4,2.907,6.7,0.0
2017-09-04,12:00,14.7,261.98,0.0,0.0,167000000000.0,97.2,0.7,274.6,3.706,7.3,0.0
2017-09-04,13:00,14.7,261.98,0.0,0.0,268000000000.0,96.8,0.7,258.1,4.814,10.9,0.0
2017-09-04,14:00,14.7,261.98,4.2,17.0,349000000000.0,97.5,0.4,253.5,5.554,13.4,1.0
2017-09-04,15:00,14.7,261.98,3.8,83.7,413000000000.0,97.8,0.3,261.3,5.967,16.4,1.0
2017-09-04,16:00,14.7,261.98,0.0,0.0,521000000000.0,98.2,0.2,273.5,6.585,20.3,0.0
2017-09-04,17:00,14.7,261.98,0.0,0.0,701000000000.0,98.7,0.1,284.7,7.557,23.8,0.0
2017-09-04,18:00,14.7,261.98,0.0,0.0,906000000000.0,98.9,0.1,291.7,8.558,25.7,0.0
2017-09-04,19:00,14.7,261.98,0.0,0.0,1080000000000.0,99.0,0.1,292.0,9.347,30.7,0.0
2017-09-04,20:00,14.7,261.98,0.0,0.0,1210000000000.0,99.1,0.1,286.1,9.913,29.3,0.0
2017-09-04,21:00,14.7,261.98,0.0,0.0,1260000000000.0,99.1,0.1,279.9,10.173,33.5,0.0
2017-09-04,22:00,14.7,261.98,0.0,0.0,1180000000000.0,99.1,0.1,274.2,9.935,35.1,0.0
2017-09-04,23:00,14.7,261.98,0.0,0.0,980000000000.0,98.9,0.1,266.1,9.169,33.4,0.0
2017-09-05,01:00,14.7,261.98,0.0,0.0,481000000000.0,98.8,0.2,259.3,6.466,21.2,0.0
2017-09-05,02:00,14.7,261.98,0.0,0.0,299000000000.0,99.6,0.2,272.6,4.986,12.4,0.0
2017-09-05,03:00,14.7,261.98,0.0,0.0,195000000000.0,99.5,0.3,299.7,3.967,9.8,0.0
2017-09-05,04:00,14.7,261.98,0.0,0.0,145000000000.0,99.4,0.3,319.6,3.569,8.9,0.0
2017-09-05,05:00,14.7,261.98,3.8,86.2,135000000000.0,99.4,0.3,322.4,3.49,7.7,1.0
2017-09-05,06:00,14.7,261.98,3.4,119.5,141000000000.0,99.5,0.3,314.4,3.44,8.5,1.0
2017-09-05,07:00,14.7,261.98,0.0,0.0,147000000000.0,99.5,0.3,303.2,3.444,8.6,0.0
2017-09-05,08:00,14.7,261.98,0.0,0.0,150000000000.0,99.5,0.3,297.0,3.474,7.7,0.0
2017-09-05,09:00,14.7,261.98,3.8,121.7,133000000000.0,99.5,0.3,297.1,3.27,6.7,1.0
2017-09-05,10:00,14.7,261.98,4.0,19.7,103000000000.0,99.4,0.3,298.2,2.884,7.4,1.0
2017-09-05,10:00,14.7,261.98,3.7,16.3,103000000000.0,99.4,0.3,298.2,2.884,7.4,1.0
2017-09-05,11:00,14.7,261.98,0.0,0.0,105000000000.0,99.3,0.3,291.3,2.911,6.7,0.0
2017-09-05,12:00,14.7,261.98,0.0,0.0,168000000000.0,96.7,1.0,274.6,3.723,6.6,0.0
2017-09-05,13:00,14.7,261.98,3.5,3.8,271000000000.0,95.6,1.2,258.1,4.842,10.6,1.0
2017-09-05,14:00,14.7,261.98,0.0,0.0,354000000000.0,96.6,0.8,253.4,5.591,13.3,0.0
2017-09-05,15:00,14.7,261.98,0.0,0.0,419000000000.0,97.1,0.5,260.9,6.014,18.3,0.0
2017-09-05,16:00,14.7,261.98,0.0,0.0,529000000000.0,97.7,0.4,272.9,6.641,25.2,0.0
2017-09-05,17:00,14.7,261.98,0.0,0.0,711000000000.0,98.2,0.2,284.2,7.617,31.2,0.0
2017-09-05,18:00,14.7,261.98,3.8,137.7,918000000000.0,98.6,0.2,291.2,8.618,32.6,1.0
2017-09-05,19:00,14.7,261.98,4.6,16.0,1090000000000.0,98.8,0.1,291.4,9.408,36.0,1.0
2017-09-05,19:00,14.7,261.98,4.0,15.0,1090000000000.0,98.8,0.1,291.4,9.408,36.0,1.0
2017-09-05,20:00,14.7,261.98,0.0,0.0,1220000000000.0,98.9,0.1,285.5,9.974,35.8,0.0
2017-09-05,21:00,14.7,261.98,0.0,0.0,1260000000000.0,98.9,0.1,279.3,10.217,36.7,0.0
2017-09-05,22:00,14.7,261.98,0.0,0.0,1180000000000.0,98.8,0.1,273.5,9.954,34.8,0.0
2017-09-05,23:00,14.7,261.98,0.0,0.0,976000000000.0,98.6,0.2,265.4,9.16,33.4,0.0
2017-09-06,01:00,14.7,261.98,0.0,0.0,473000000000.0,98.9,0.2,258.7,6.42,12.4,0.0
2017-09-06,02:00,14.7,261.98,4.0,67.2,293000000000.0,99.7,0.1,272.3,4.934,8.5,1.0
2017-09-06,03:00,14.7,261.98,0.0,0.0,190000000000.0,99.6,0.2,299.6,3.919,6.9,0.0
2017-09-06,04:00,14.7,261.98,0.0,0.0,141000000000.0,99.6,0.2,319.6,3.527,6.1,0.0
2017-09-06,05:00,14.7,261.98,0.0,0.0,132000000000.0,99.6,0.2,322.4,3.452,5.5,0.0
2017-09-06,06:00,14.7,261.98,0.0,0.0,138000000000.0,99.7,0.2,314.3,3.408,6.1,0.0
2017-09-06,07:00,14.7,261.98,0.0,0.0,145000000000.0,99.7,0.2,303.1,3.418,6.8,0.0
2017-09-06,08:00,14.7,261.98,3.6,76.5,148000000000.0,99.7,0.2,296.8,3.449,6.0,1.0
2017-09-06,09:00,14.7,261.98,0.0,0.0,131000000000.0,99.6,0.2,296.9,3.244,6.1,0.0
2017-09-06,10:00,14.7,261.98,0.0,0.0,101000000000.0,99.6,0.2,298.1,2.859,5.8,0.0
2017-09-06,11:00,14.7,261.98,3.4,70.1,104000000000.0,99.6,0.2,291.3,2.893,4.6,1.0
2017-09-06,11:00,14.7,261.98,3.9,95.9,104000000000.0,99.6,0.2,291.3,2.893,4.6,1.0
2017-09-06,12:00,14.7,261.98,0.0,0.0,167000000000.0,97.3,0.7,274.7,3.71,5.8,0.0
2017-09-06,13:00,14.7,261.98,0.0,0.0,270000000000.0,96.8,0.7,258.1,4.83,13.4,0.0
2017-09-06,14:00,14.7,261.98,0.0,0.0,353000000000.0,97.5,0.5,253.2,5.583,15.8,0.0
2017-09-06,15:00,14.7,261.98,0.0,0.0,419000000000.0,97.9,0.3,260.6,6.017,19.7,0.0
2017-09-06,16:00,14.7,261.98,0.0,0.0,530000000000.0,98.3,0.2,272.4,6.654,24.6,0.0
2017-09-06,17:00,14.7,261.98,0.0,0.0,714000000000.0,98.7,0.1,283.7,7.632,29.3,0.0
2017-09-06,18:00,14.7,261.98,0.0,0.0,921000000000.0,98.9,0.1,290.7,8.633,36.2,0.0
2017-09-06,19:00,14.7,261.98,0.0,0.0,1100000000000.0,99.1,0.1,290.9,9.425,42.5,0.0
2017-09-06,20:00,14.7,261.98,0.0,0.0,1220000000000.0,99.1,0.1,284.9,9.994,43.1,0.0
2017-09-06,21:00,14.7,261.98,4.2,30.0,1270000000000.0,99.1,0.1,278.6,10.237,41.9,1.0
2017-09-06,22:00,14.7,261.98,0.0,0.0,1180000000000.0,99.1,0.1,272.8,9.969,41.0,0.0
2017-09-06,23:00,14.7,261.98,0.0,0.0,974000000000.0,98.9,0.1,264.6,9.164,27.7,0.0
2017-09-07,01:00,14.7,261.98,0.0,0.0,468000000000.0,98.9,0.2,258.2,6.391,20.9,0.0
2017-09-07,02:00,14.7,261.98,4.1,11.8,288000000000.0,99.6,0.2,272.0,4.897,14.2,1.0
2017-09-07,03:00,14.7,261.98,0.0,0.0,187000000000.0,99.6,0.2,299.6,3.885,9.0,0.0
2017-09-07,04:00,14.7,261.98,0.0,0.0,139000000000.0,99.5,0.2,319.6,3.499,7.6,0.0
2017-09-07,05:00,14.7,261.98,0.0,0.0,131000000000.0,99.6,0.2,322.3,3.429,6.8,0.0
2017-09-07,06:00,14.7,261.98,0.0,0.0,137000000000.0,99.6,0.2,314.3,3.389,7.7,0.0
2017-09-07,07:00,14.7,261.98,4.7,24.8,143000000000.0,99.6,0.2,303.0,3.403,8.2,1.0
2017-09-07,08:00,14.7,261.98,3.8,16.3,146000000000.0,99.6,0.2,296.7,3.436,7.7,1.0
2017-09-07,09:00,14.7,261.98,0.0,0.0,129000000000.0,99.5,0.2,296.7,3.231,7.9,0.0
2017-09-07,10:00,14.7,261.98,0.0,0.0,101000000000.0,99.4,0.3,297.9,2.848,7.3,0.0
2017-09-07,11:00,14.7,261.98,0.0,0.0,104000000000.0,99.4,0.3,291.2,2.891,5.4,0.0
2017-09-07,12:00,14.7,261.98,0.0,0.0,168000000000.0,97.2,0.8,274.7,3.718,6.8,0.0
2017-09-07,13:00,14.7,261.98,0.0,0.0,272000000000.0,96.5,0.9,258.1,4.847,11.6,0.0
2017-09-07,14:00,14.7,261.98,3.8,72.8,356000000000.0,97.3,0.6,253.1,5.61,14.4,1.0
2017-09-07,15:00,14.7,261.98,3.6,159.8,424000000000.0,97.7,0.4,260.2,6.056,20.0,1.0
2017-09-07,16:00,14.7,261.98,0.0,0.0,537000000000.0,98.2,0.3,271.9,6.703,19.0,0.0
2017-09-07,17:00,14.7,261.98,3.6,128.9,723000000000.0,98.6,0.2,283.1,7.688,25.4,1.0
2017-09-07,18:00,14.7,261.98,3.8,59.4,933000000000.0,98.9,0.1,290.2,8.692,34.1,1.0
2017-09-07,19:00,14.7,261.98,0.0,0.0,1110000000000.0,99.0,0.1,290.3,9.488,40.6,0.0
2017-09-07,20:00,14.7,261.98,0.0,0.0,1240000000000.0,99.1,0.1,284.3,10.06,44.6,0.0
2017-09-07,21:00,14.7,261.98,4.1,93.6,1270000000000.0,99.1,0.1,277.9,10.249,43.3,1.0
2017-09-07,22:00,14.7,261.98,0.0,0.0,1160000000000.0,99.0,0.1,272.1,9.893,42.2,0.0
2017-09-07,23:00,14.7,261.98,0.0,0.0,941000000000.0,98.8,0.2,263.9,9.02,30.0,0.0
2017-09-08,01:00,14.7,261.98,3.6,163.7,441000000000.0,98.9,0.3,257.6,6.207,24.0,1.0
2017-09-08,02:00,14.7,261.98,0.0,0.0,268000000000.0,99.5,0.3,271.7,4.72,24.1,0.0
2017-09-08,03:00,14.7,261.98,0.0,0.0,174000000000.0,99.4,0.3,299.6,3.743,29.6,0.0
2017-09-08,04:00,14.7,261.98,8.2,45.9,129000000000.0,99.3,0.4,319.6,3.37,23.4,1.0
2017-09-08,05:00,14.7,261.98,3.3,97.7,121000000000.0,99.3,0.4,322.3,3.295,21.9,1.0
2017-09-08,05:00,14.7,261.98,4.0,20.0,121000000000.0,99.3,0.4,322.3,3.295,21.9,1.0
2017-09-08,06:00,14.7,261.98,0.26,4.1,125000000000.0,99.4,0.3,314.2,3.239,17.9,1.0
2017-09-08,06:00,14.7,261.98,0.26,3.5,125000000000.0,99.4,0.3,314.2,3.239,17.9,1.0
2017-09-08,06:00,14.7,261.98,0.27,3.9,125000000000.0,99.4,0.3,314.2,3.239,17.9,1.0
2017-09-08,06:00,14.7,261.98,0.27,3.5,125000000000.0,99.4,0.3,314.2,3.239,17.9,1.0
2017-09-08,06:00,14.7,261.98,0.29,3.6,125000000000.0,99.4,0.3,314.2,3.239,17.9,1.0
2017-09-08,07:00,14.7,261.98,0.3,4.0,129000000000.0,99.4,0.3,303.0,3.23,10.2,1.0
2017-09-08,07:00,14.7,261.98,0.32,3.8,129000000000.0,99.4,0.3,303.0,3.23,10.2,1.0
2017-09-08,08:00,14.7,261.98,4.6,17.6,130000000000.0,99.4,0.3,296.5,3.24,5.3,1.0
2017-09-08,08:00,14.7,261.98,4.0,34.9,130000000000.0,99.4,0.3,296.5,3.24,5.3,1.0
2017-09-08,09:00,14.7,261.98,0.0,0.0,114000000000.0,99.3,0.3,296.6,3.032,5.0,0.0
2017-09-08,10:00,14.7,261.98,4.5,50.0,88352000000.0,99.2,0.4,297.8,2.669,5.8,1.0
2017-09-08,11:00,14.7,261.98,0.0,0.0,91442000000.0,99.2,0.5,291.2,2.717,6.0,0.0
2017-09-08,12:00,14.7,261.98,4.7,16.5,147000000000.0,96.8,1.4,274.7,3.475,7.9,1.0
2017-09-08,13:00,14.7,261.98,4.3,36.7,234000000000.0,94.9,2.1,258.1,4.498,9.7,1.0
2017-09-08,14:00,14.7,261.98,4.6,32.2,303000000000.0,96.2,1.3,252.9,5.177,9.7,1.0
2017-09-08,14:00,14.7,261.98,3.7,16.1,303000000000.0,96.2,1.3,252.9,5.177,9.7,1.0
2017-09-08,14:00,14.7,261.98,3.3,24.3,303000000000.0,96.2,1.3,252.9,5.177,9.7,1.0
2017-09-08,15:00,14.7,261.98,4.0,33.2,363000000000.0,96.9,0.9,259.8,5.603,16.9,1.0
2017-09-08,15:00,14.7,261.98,4.2,60.0,363000000000.0,96.9,0.9,259.8,5.603,16.9,1.0
2017-09-08,16:00,14.7,261.98,4.9,44.5,462000000000.0,97.6,0.6,271.4,6.221,23.4,1.0
2017-09-08,17:00,14.7,261.98,4.1,29.7,622000000000.0,98.3,0.3,282.6,7.135,31.7,1.0
2017-09-08,17:00,14.7,261.98,4.0,16.1,622000000000.0,98.3,0.3,282.6,7.135,31.7,1.0
2017-09-08,17:00,14.7,261.98,4.4,50.0,622000000000.0,98.3,0.3,282.6,7.135,31.7,1.0
2017-09-08,18:00,14.7,261.98,4.0,65.8,798000000000.0,98.6,0.2,289.6,8.042,33.6,1.0
2017-09-08,19:00,14.7,261.98,4.3,6.8,941000000000.0,98.8,0.2,289.7,8.731,26.8,1.0
2017-09-08,19:00,14.7,261.98,3.9,17.1,941000000000.0,98.8,0.2,289.7,8.731,26.8,1.0
2017-09-08,19:00,14.7,261.98,3.8,142.3,941000000000.0,98.8,0.2,289.7,8.731,26.8,1.0
2017-09-08,20:00,14.7,261.98,3.7,28.6,1030000000000.0,98.9,0.2,283.7,9.2,34.8,1.0
2017-09-08,20:00,14.7,261.98,3.9,16.0,1030000000000.0,98.9,0.2,283.7,9.2,34.8,1.0
2017-09-08,20:00,14.7,261.98,3.6,16.1,1030000000000.0,98.9,0.2,283.7,9.2,34.8,1.0
2017-09-08,20:00,14.7,261.98,3.5,16.1,1030000000000.0,98.9,0.2,283.7,9.2,34.8,1.0
2017-09-08,21:00,14.7,261.98,3.6,16.1,1060000000000.0,98.9,0.2,277.3,9.393,43.5,1.0
2017-09-08,21:00,14.7,261.98,3.7,16.1,1060000000000.0,98.9,0.2,277.3,9.393,43.5,1.0
2017-09-08,21:00,14.7,261.98,3.7,101.6,1060000000000.0,98.9,0.2,277.3,9.393,43.5,1.0
2017-09-08,21:00,14.7,261.98,3.7,60.6,1060000000000.0,98.9,0.2,277.3,9.393,43.5,1.0
2017-09-08,21:00,14.7,261.98,4.5,15.0,1060000000000.0,98.9,0.2,277.3,9.393,43.5,1.0
2017-09-08,22:00,14.7,261.98,4.5,19.3,985000000000.0,98.8,0.2,271.4,9.116,48.5,1.0
2017-09-08,22:00,14.7,261.98,4.6,15.0,985000000000.0,98.8,0.2,271.4,9.116,48.5,1.0
2017-09-08,22:00,14.7,261.98,4.3,41.9,985000000000.0,98.8,0.2,271.4,9.116,48.5,1.0
2017-09-08,23:00,14.7,261.98,3.9,27.7,804000000000.0,98.6,0.2,263.2,8.349,27.7,1.0
2017-09-08,23:00,14.7,261.98,3.6,16.0,804000000000.0,98.6,0.2,263.2,8.349,27.7,1.0
2017-09-08,23:00,14.7,261.98,4.1,16.3,804000000000.0,98.6,0.2,263.2,8.349,27.7,1.0
2017-09-08,23:00,14.7,261.98,4.1,16.4,804000000000.0,98.6,0.2,263.2,8.349,27.7,1.0
2017-09-08,23:00,14.7,261.98,3.3,20.0,804000000000.0,98.6,0.2,263.2,8.349,27.7,1.0
2017-09-09,01:00,14.7,261.98,4.2,16.0,382000000000.0,98.9,0.3,257.1,5.787,14.7,1.0
2017-09-09,01:00,14.7,261.98,4.1,75.2,382000000000.0,98.9,0.3,257.1,5.787,14.7,1.0
2017-09-09,01:00,14.7,261.98,4.5,16.7,382000000000.0,98.9,0.3,257.1,5.787,14.7,1.0
2017-09-09,01:00,14.7,261.98,3.9,69.6,382000000000.0,98.9,0.3,257.1,5.787,14.7,1.0
2017-09-09,01:00,14.7,261.98,3.6,16.2,382000000000.0,98.9,0.3,257.1,5.787,14.7,1.0
2017-09-09,01:00,14.7,261.98,4.5,55.3,382000000000.0,98.9,0.3,257.1,5.787,14.7,1.0
2017-09-09,01:00,14.7,261.98,4.3,75.3,382000000000.0,98.9,0.3,257.1,5.787,14.7,1.0
2017-09-09,01:00,14.7,261.98,3.7,16.6,382000000000.0,98.9,0.3,257.1,5.787,14.7,1.0
2017-09-09,02:00,14.7,261.98,3.8,20.0,235000000000.0,99.5,0.2,271.4,4.42,8.1,1.0
2017-09-09,02:00,14.7,261.98,4.4,16.2,235000000000.0,99.5,0.2,271.4,4.42,8.1,1.0
2017-09-09,02:00,14.7,261.98,3.3,20.0,235000000000.0,99.5,0.2,271.4,4.42,8.1,1.0
2017-09-09,02:00,14.7,261.98,4.1,16.7,235000000000.0,99.5,0.2,271.4,4.42,8.1,1.0
2017-09-09,03:00,14.7,261.98,4.1,16.1,153000000000.0,99.5,0.3,299.5,3.511,7.5,1.0
2017-09-09,03:00,14.7,261.98,4.0,20.0,153000000000.0,99.5,0.3,299.5,3.511,7.5,1.0
2017-09-09,03:00,14.7,261.98,3.7,16.4,153000000000.0,99.5,0.3,299.5,3.511,7.5,1.0
2017-09-09,03:00,14.7,261.98,3.4,76.8,153000000000.0,99.5,0.3,299.5,3.511,7.5,1.0
2017-09-09,03:00,14.7,261.98,4.1,20.0,153000000000.0,99.5,0.3,299.5,3.511,7.5,1.0
2017-09-09,04:00,14.7,261.98,4.3,10.0,115000000000.0,99.4,0.3,319.6,3.182,6.2,1.0
2017-09-09,04:00,14.7,261.98,4.1,20.0,115000000000.0,99.4,0.3,319.6,3.182,6.2,1.0
2017-09-09,04:00,14.7,261.98,4.6,16.2,115000000000.0,99.4,0.3,319.6,3.182,6.2,1.0
2017-09-09,04:00,14.7,261.98,4.2,10.7,115000000000.0,99.4,0.3,319.6,3.182,6.2,1.0
2017-09-09,04:00,14.7,261.98,5.6,23.4,115000000000.0,99.4,0.3,319.6,3.182,6.2,1.0
2017-09-09,05:00,14.7,261.98,4.6,17.2,110000000000.0,99.5,0.3,322.3,3.142,5.7,1.0
2017-09-09,05:00,14.7,261.98,4.0,22.7,110000000000.0,99.5,0.3,322.3,3.142,5.7,1.0
2017-09-09,05:00,14.7,261.98,3.9,10.8,110000000000.0,99.5,0.3,322.3,3.142,5.7,1.0
2017-09-09,05:00,14.7,261.98,3.9,25.2,110000000000.0,99.5,0.3,322.3,3.142,5.7,1.0
2017-09-09,05:00,14.7,261.98,4.0,16.2,110000000000.0,99.5,0.3,322.3,3.142,5.7,1.0
2017-09-09,05:00,14.7,261.98,4.0,17.3,110000000000.0,99.5,0.3,322.3,3.142,5.7,1.0
2017-09-09,05:00,14.7,261.98,4.2,17.7,110000000000.0,99.5,0.3,322.3,3.142,5.7,1.0
2017-09-09,06:00,14.7,261.98,4.1,16.3,117000000000.0,99.6,0.2,314.2,3.131,5.8,1.0
2017-09-09,06:00,14.7,261.98,4.5,14.0,117000000000.0,99.6,0.2,314.2,3.131,5.8,1.0
2017-09-09,06:00,14.7,261.98,3.7,15.0,117000000000.0,99.6,0.2,314.2,3.131,5.8,1.0
2017-09-09,07:00,14.7,261.98,3.7,16.6,125000000000.0,99.6,0.2,302.9,3.172,6.4,1.0
2017-09-09,08:00,14.7,261.98,4.7,16.1,129000000000.0,99.6,0.2,296.4,3.225,5.5,1.0
2017-09-09,08:00,14.7,261.98,4.0,15.0,129000000000.0,99.6,0.2,296.4,3.225,5.5,1.0
2017-09-09,08:00,14.7,261.98,4.0,41.3,129000000000.0,99.6,0.2,296.4,3.225,5.5,1.0
2017-09-09,08:00,14.7,261.98,3.5,16.1,129000000000.0,99.6,0.2,296.4,3.225,5.5,1.0
2017-09-09,08:00,14.7,261.98,3.6,18.0,129000000000.0,99.6,0.2,296.4,3.225,5.5,1.0
2017-09-09,08:00,14.7,261.98,3.6,16.0,129000000000.0,99.6,0.2,296.4,3.225,5.5,1.0
2017-09-09,08:00,14.7,261.98,3.5,16.0,129000000000.0,99.6,0.2,296.4,3.225,5.5,1.0
2017-09-09,08:00,14.7,261.98,3.7,16.1,129000000000.0,99.6,0.2,296.4,3.225,5.5,1.0
2017-09-09,08:00,14.7,261.98,3.5,16.7,129000000000.0,99.6,0.2,296.4,3.225,5.5,1.0
2017-09-09,08:00,14.7,261.98,4.0,90.5,129000000000.0,99.6,0.2,296.4,3.225,5.5,1.0
2017-09-09,08:00,14.7,261.98,4.0,16.1,129000000000.0,99.6,0.2,296.4,3.225,5.5,1.0
2017-09-09,09:00,14.7,261.98,3.8,46.3,115000000000.0,99.6,0.2,296.4,3.043,5.5,1.0
2017-09-09,09:00,14.7,261.98,3.6,77.7,115000000000.0,99.6,0.2,296.4,3.043,5.5,1.0
2017-09-09,09:00,14.7,261.98,4.0,18.0,115000000000.0,99.6,0.2,296.4,3.043,5.5,1.0
2017-09-09,09:00,14.7,261.98,3.7,2.5,115000000000.0,99.6,0.2,296.4,3.043,5.5,1.0
2017-09-09,09:00,14.7,261.98,3.7,20.0,115000000000.0,99.6,0.2,296.4,3.043,5.5,1.0
2017-09-09,09:00,14.7,261.98,3.5,10.0,115000000000.0,99.6,0.2,296.4,3.043,5.5,1.0
2017-09-09,10:00,14.7,261.98,3.7,15.9,90172000000.0,99.5,0.3,297.7,2.696,5.1,1.0
2017-09-09,10:00,14.7,261.98,3.4,27.0,90172000000.0,99.5,0.3,297.7,2.696,5.1,1.0
2017-09-09,11:00,14.7,261.98,3.7,41.8,94713000000.0,99.5,0.3,291.1,2.765,4.6,1.0
2017-09-09,11:00,14.7,261.98,3.7,16.0,94713000000.0,99.5,0.3,291.1,2.765,4.6,1.0
2017-09-09,11:00,14.7,261.98,3.2,114.1,94713000000.0,99.5,0.3,291.1,2.765,4.6,1.0
2017-09-09,12:00,14.7,261.98,0.0,0.0,157000000000.0,97.2,0.8,274.7,3.593,4.8,0.0
2017-09-09,13:00,14.7,261.98,4.5,26.5,257000000000.0,96.7,0.8,258.1,4.715,8.9,1.0
2017-09-09,13:00,14.7,261.98,4.7,24.4,257000000000.0,96.7,0.8,258.1,4.715,8.9,1.0
2017-09-09,13:00,14.7,261.98,3.7,29.3,257000000000.0,96.7,0.8,258.1,4.715,8.9,1.0
2017-09-09,14:00,14.7,261.98,4.0,58.0,340000000000.0,97.5,0.5,252.8,5.489,12.6,1.0
2017-09-09,14:00,14.7,261.98,3.9,16.1,340000000000.0,97.5,0.5,252.8,5.489,12.6,1.0
2017-09-09,14:00,14.7,261.98,4.0,20.0,340000000000.0,97.5,0.5,252.8,5.489,12.6,1.0
2017-09-09,14:00,14.7,261.98,3.9,24.3,340000000000.0,97.5,0.5,252.8,5.489,12.6,1.0
2017-09-09,15:00,14.7,261.98,3.7,15.9,411000000000.0,97.9,0.3,259.5,5.968,16.3,1.0
2017-09-09,15:00,14.7,261.98,3.8,35.2,411000000000.0,97.9,0.3,259.5,5.968,16.3,1.0
2017-09-09,15:00,14.7,261.98,3.7,16.0,411000000000.0,97.9,0.3,259.5,5.968,16.3,1.0
2017-09-09,15:00,14.7,261.98,4.0,16.2,411000000000.0,97.9,0.3,259.5,5.968,16.3,1.0
2017-09-09,15:00,14.7,261.98,3.9,15.0,411000000000.0,97.9,0.3,259.5,5.968,16.3,1.0
2017-09-09,16:00,14.7,261.98,3.5,16.1,526000000000.0,98.3,0.2,270.9,6.645,20.0,1.0
2017-09-09,17:00,14.7,261.98,4.0,31.5,714000000000.0,98.7,0.1,282.0,7.647,26.5,1.0
2017-09-09,17:00,14.7,261.98,3.9,27.0,714000000000.0,98.7,0.1,282.0,7.647,26.5,1.0
2017-09-09,17:00,14.7,261.98,3.8,16.1,714000000000.0,98.7,0.1,282.0,7.647,26.5,1.0
2017-09-09,17:00,14.7,261.98,4.0,16.2,714000000000.0,98.7,0.1,282.0,7.647,26.5,1.0
2017-09-09,17:00,14.7,261.98,3.9,16.0,714000000000.0,98.7,0.1,282.0,7.647,26.5,1.0
2017-09-09,18:00,14.7,261.98,0.0,0.0,927000000000.0,99.0,0.1,289.1,8.668,29.1,0.0
2017-09-09,19:00,14.7,261.98,0.0,0.0,1110000000000.0,99.1,0.1,289.2,9.494,28.9,0.0
2017-09-09,20:00,14.7,261.98,3.9,12.4,1250000000000.0,99.1,0.1,283.1,10.101,25.9,1.0
2017-09-09,20:00,14.7,261.98,4.0,20.0,1250000000000.0,99.1,0.1,283.1,10.101,25.9,1.0
2017-09-09,21:00,14.7,261.98,3.9,16.1,1290000000000.0,99.2,0.1,276.6,10.367,21.7,1.0
2017-09-09,21:00,14.7,261.98,4.0,20.0,1290000000000.0,99.2,0.1,276.6,10.367,21.7,1.0
2017-09-09,21:00,14.7,261.98,4.0,65.2,1290000000000.0,99.2,0.1,276.6,10.367,21.7,1.0
2017-09-09,22:00,14.7,261.98,3.7,15.0,1200000000000.0,99.1,0.1,270.7,10.059,18.3,1.0
2017-09-09,22:00,14.7,261.98,3.9,22.1,1200000000000.0,99.1,0.1,270.7,10.059,18.3,1.0
2017-09-09,23:00,14.7,261.98,3.7,16.5,972000000000.0,98.9,0.1,262.5,9.19,16.0,1.0
2017-09-09,23:00,14.7,261.98,3.6,4.5,972000000000.0,98.9,0.1,262.5,9.19,16.0,1.0
2017-09-10,01:00,14.7,261.98,3.8,20.0,453000000000.0,99.1,0.1,256.5,6.304,10.6,1.0
2017-09-10,01:00,14.7,261.98,3.7,16.0,453000000000.0,99.1,0.1,256.5,6.304,10.6,1.0
2017-09-10,01:00,14.7,261.98,3.9,16.1,453000000000.0,99.1,0.1,256.5,6.304,10.6,1.0
2017-09-10,01:00,14.7,261.98,3.9,16.1,453000000000.0,99.1,0.1,256.5,6.304,10.6,1.0
2017-09-10,01:00,14.7,261.98,3.8,36.6,453000000000.0,99.1,0.1,256.5,6.304,10.6,1.0
2017-09-10,02:00,14.7,261.98,4.3,5.8,275000000000.0,99.7,0.1,271.2,4.785,8.0,1.0
2017-09-10,03:00,14.7,261.98,0.0,0.0,177000000000.0,99.7,0.2,299.5,3.781,6.6,0.0
2017-09-10,04:00,14.7,261.98,0.0,0.0,133000000000.0,99.7,0.2,319.6,3.415,6.6,0.0
2017-09-10,05:00,14.7,261.98,4.1,14.9,126000000000.0,99.7,0.2,322.3,3.358,5.9,1.0
2017-09-10,06:00,14.7,261.98,3.8,16.1,132000000000.0,99.8,0.1,314.1,3.33,6.4,1.0
2017-09-10,06:00,14.7,261.98,4.0,16.1,132000000000.0,99.8,0.1,314.1,3.33,6.4,1.0
2017-09-10,07:00,14.7,261.98,0.0,0.0,139000000000.0,99.8,0.1,302.8,3.356,6.5,0.0
2017-09-10,08:00,14.7,261.98,4.2,20.0,143000000000.0,99.8,0.1,296.3,3.392,6.3,1.0
2017-09-10,08:00,14.7,261.98,3.9,47.6,143000000000.0,99.8,0.1,296.3,3.392,6.3,1.0
2017-09-10,09:00,14.7,261.98,4.0,59.1,125000000000.0,99.8,0.1,296.3,3.18,5.1,1.0
2017-09-10,10:00,14.7,261.98,3.6,99.6,97313000000.0,99.7,0.2,297.5,2.801,4.7,1.0
2017-09-10,10:00,14.7,261.98,4.0,8.9,97313000000.0,99.7,0.2,297.5,2.801,4.7,1.0
2017-09-10,11:00,14.7,261.98,3.9,15.0,102000000000.0,99.7,0.2,291.1,2.866,4.3,1.0
2017-09-10,12:00,14.7,261.98,4.1,12.1,168000000000.0,97.5,0.5,274.7,3.718,5.4,1.0
2017-09-10,12:00,14.7,261.98,3.8,16.6,168000000000.0,97.5,0.5,274.7,3.718,5.4,1.0
2017-09-10,13:00,14.7,261.98,3.6,16.6,273000000000.0,97.3,0.5,258.1,4.862,9.0,1.0
2017-09-10,13:00,14.7,261.98,3.9,112.4,273000000000.0,97.3,0.5,258.1,4.862,9.0,1.0
2017-09-10,13:00,14.7,261.98,3.9,18.4,273000000000.0,97.3,0.5,258.1,4.862,9.0,1.0
2017-09-10,14:00,14.7,261.98,0.0,0.0,359000000000.0,97.9,0.3,252.6,5.642,10.6,0.0
2017-09-10,15:00,14.7,261.98,4.0,20.3,431000000000.0,98.1,0.2,259.1,6.118,13.7,1.0
2017-09-10,16:00,14.7,261.98,3.7,15.8,549000000000.0,98.5,0.2,270.4,6.791,17.3,1.0
2017-09-10,16:00,14.7,261.98,3.9,20.0,549000000000.0,98.5,0.2,270.4,6.791,17.3,1.0
2017-09-10,17:00,14.7,261.98,4.4,42.2,739000000000.0,98.8,0.1,281.5,7.782,21.5,1.0
2017-09-10,18:00,14.7,261.98,4.5,69.4,951000000000.0,99.0,0.1,288.6,8.783,25.2,1.0
2017-09-10,18:00,14.7,261.98,4.0,7.5,951000000000.0,99.0,0.1,288.6,8.783,25.2,1.0
2017-09-10,19:00,14.7,261.98,4.2,15.0,1130000000000.0,99.1,0.1,288.6,9.581,28.0,1.0
2017-09-10,19:00,14.7,261.98,3.7,25.7,1130000000000.0,99.1,0.1,288.6,9.581,28.0,1.0
2017-09-10,20:00,14.7,261.98,3.4,9.0,1260000000000.0,99.2,0.1,282.4,10.155,30.6,1.0
2017-09-10,21:00,14.7,261.98,3.9,16.1,1290000000000.0,99.2,0.1,275.9,10.382,30.4,1.0
2017-09-10,21:00,14.7,261.98,3.6,16.1,1290000000000.0,99.2,0.1,275.9,10.382,30.4,1.0
2017-09-10,21:00,14.7,261.98,4.2,30.2,1290000000000.0,99.2,0.1,275.9,10.382,30.4,1.0
2017-09-10,21:00,14.7,261.98,4.1,42.1,1290000000000.0,99.2,0.1,275.9,10.382,30.4,1.0
2017-09-10,21:00,14.7,261.98,3.6,15.2,1290000000000.0,99.2,0.1,275.9,10.382,30.4,1.0
2017-09-10,21:00,14.7,261.98,3.5,72.9,1290000000000.0,99.2,0.1,275.9,10.382,30.4,1.0
2017-09-10,22:00,14.7,261.98,4.0,24.3,1200000000000.0,99.1,0.1,270.0,10.069,29.1,1.0
2017-09-10,22:00,14.7,261.98,3.9,16.1,1200000000000.0,99.1,0.1,270.0,10.069,29.1,1.0
2017-09-10,23:00,14.7,261.98,4.2,15.0,971000000000.0,99.0,0.1,261.8,9.197,23.5,1.0
2017-09-10,23:00,14.7,261.98,3.9,72.7,971000000000.0,99.0,0.1,261.8,9.197,23.5,1.0
2019-11-12,01:00,26.35,338.1,0.0,0.0,72096000000.0,99.1,0.5,250.9,2.647,15.2,0.0
2019-11-12,02:00,26.35,338.1,4.1,10.0,45888000000.0,99.0,0.6,281.5,1.953,12.8,1.0
2019-11-12,03:00,26.35,338.1,0.0,0.0,43211000000.0,99.3,0.4,307.8,1.874,10.2,0.0
2019-11-12,04:00,26.35,338.1,0.0,0.0,50847000000.0,99.6,0.2,316.8,2.068,8.8,0.0
2019-11-12,05:00,26.35,338.1,0.0,0.0,61987000000.0,99.7,0.2,317.4,2.289,8.3,0.0
2019-11-12,06:00,26.35,338.1,0.0,0.0,76243000000.0,99.8,0.1,311.9,2.508,7.1,0.0
2019-11-12,07:00,26.35,338.1,0.0,0.0,91711000000.0,99.8,0.1,302.5,2.721,8.1,0.0
2019-11-12,08:00,26.35,338.1,16.0,3.9,96752000000.0,99.8,0.1,295.6,2.796,8.1,1.0
2019-11-12,09:00,26.35,338.1,0.0,0.0,85212000000.0,99.8,0.1,295.1,2.624,7.7,0.0
2019-11-12,10:00,26.35,338.1,4.0,16.7,72849000000.0,99.8,0.1,296.9,2.425,8.2,1.0
2019-11-12,11:00,26.35,338.1,0.0,0.0,90031000000.0,99.8,0.1,292.7,2.701,7.9,0.0
2019-11-12,12:00,26.35,338.1,0.0,0.0,167000000000.0,97.7,0.4,279.0,3.736,5.9,0.0
2019-11-12,13:00,26.35,338.1,0.0,0.0,302000000000.0,98.5,0.2,260.5,5.222,7.3,0.0
2019-11-12,14:00,26.35,338.1,0.0,0.0,432000000000.0,98.9,0.1,245.6,6.545,11.1,0.0
2019-11-12,15:00,26.35,338.1,0.0,0.0,522000000000.0,99.0,0.1,238.0,7.386,13.9,0.0
2019-11-12,16:00,26.35,338.1,0.0,0.0,603000000000.0,99.1,0.1,240.9,7.846,16.9,0.0
2019-11-12,17:00,26.35,338.1,0.0,0.0,685000000000.0,99.2,0.1,251.0,8.086,19.1,0.0
2019-11-12,18:00,26.35,338.1,0.0,0.0,718000000000.0,99.1,0.1,257.8,8.11,17.8,0.0
2019-11-12,19:00,26.35,338.1,0.0,0.0,680000000000.0,99.0,0.1,254.2,7.956,17.9,0.0
2019-11-12,20:00,26.35,338.1,0.0,0.0,611000000000.0,98.8,0.1,244.0,7.77,15.4,0.0
2019-11-12,21:00,26.35,338.1,0.0,0.0,539000000000.0,98.6,0.2,235.9,7.525,13.8,0.0
2019-11-12,22:00,26.35,338.1,0.0,0.0,436000000000.0,98.3,0.2,231.9,6.897,13.1,0.0
2019-11-12,23:00,26.35,338.1,0.0,0.0,285000000000.0,97.4,0.4,230.5,5.643,11.2,0.0
2019-11-13,01:00,26.35,338.1,0.0,0.0,70205000000.0,99.2,0.4,251.7,2.606,9.8,0.0
2019-11-13,02:00,26.35,338.1,0.0,0.0,44717000000.0,99.1,0.5,282.1,1.926,7.3,0.0
2019-11-13,03:00,26.35,338.1,0.0,0.0,42402000000.0,99.4,0.3,307.9,1.857,6.1,0.0
2019-11-13,04:00,26.35,338.1,3.7,12.8,50377000000.0,99.6,0.2,316.7,2.057,7.1,1.0
2019-11-13,05:00,26.35,338.1,0.0,0.0,61834000000.0,99.8,0.1,317.4,2.286,6.5,0.0
2019-11-13,06:00,26.35,338.1,0.0,0.0,76295000000.0,99.8,0.1,312.2,2.51,6.1,0.0
2019-11-13,07:00,26.35,338.1,0.0,0.0,91831000000.0,99.9,0.1,302.9,2.723,6.8,0.0
2019-11-13,08:00,26.35,338.1,0.0,0.0,96914000000.0,99.9,0.1,296.0,2.798,6.4,0.0
2019-11-13,09:00,26.35,338.1,3.8,12.6,85561000000.0,99.8,0.1,295.5,2.629,6.3,1.0
2019-11-13,10:00,26.35,338.1,4.3,21.6,73241000000.0,99.8,0.1,297.3,2.431,6.4,1.0
2019-11-13,11:00,26.35,338.1,0.0,0.0,90165000000.0,99.8,0.1,293.2,2.702,6.2,0.0
2019-11-13,12:00,26.35,338.1,0.0,0.0,167000000000.0,97.8,0.3,279.6,3.732,4.9,0.0
2019-11-13,13:00,26.35,338.1,0.0,0.0,302000000000.0,98.6,0.1,260.9,5.221,5.9,0.0
2019-11-13,14:00,26.35,338.1,0.0,0.0,433000000000.0,99.0,0.1,245.6,6.55,9.8,0.0
2019-11-13,15:00,26.35,338.1,0.0,0.0,522000000000.0,99.1,0.1,237.7,7.389,13.4,0.0
2019-11-13,16:00,26.35,338.1,0.0,0.0,600000000000.0,99.1,0.1,240.4,7.84,17.2,0.0
2019-11-13,17:00,26.35,338.1,0.0,0.0,680000000000.0,99.2,0.1,250.6,8.065,19.9,0.0
2019-11-13,18:00,26.35,338.1,0.0,0.0,710000000000.0,99.1,0.1,257.5,8.072,19.6,0.0
2019-11-13,19:00,26.35,338.1,0.0,0.0,670000000000.0,99.0,0.1,254.1,7.901,17.4,0.0
2019-11-13,20:00,26.35,338.1,0.0,0.0,600000000000.0,98.8,0.1,243.9,7.703,14.8,0.0
2019-11-13,21:00,26.35,338.1,0.0,0.0,529000000000.0,98.6,0.2,235.8,7.455,13.0,0.0
2019-11-13,22:00,26.35,338.1,0.0,0.0,427000000000.0,98.2,0.2,232.0,6.83,12.9,0.0
2019-11-13,23:00,26.35,338.1,0.0,0.0,280000000000.0,97.3,0.5,230.8,5.58,11.5,0.0
2014-11-19,0,26.35,338.1,0.0,0.0,68342000000.0,99.2,0.5,252.5,2.564,8.9,0.0
2019-11-14,01:00,26.35,338.1,0.0,0.0,43559000000.0,99.1,0.5,282.8,1.899,6.9,0.0
2019-11-14,02:00,26.35,338.1,0.0,0.0,41601000000.0,99.3,0.4,308.0,1.839,6.0,0.0
2019-11-14,03:00,26.35,338.1,0.0,0.0,49909000000.0,99.6,0.2,316.5,2.046,6.7,0.0
2019-11-14,04:00,26.35,338.1,0.0,0.0,61680000000.0,99.7,0.1,317.4,2.283,6.1,0.0
2019-11-14,05:00,26.35,338.1,0.0,0.0,76345000000.0,99.8,0.1,312.5,2.512,6.2,0.0
2019-11-14,06:00,26.35,338.1,0.0,0.0,91944000000.0,99.8,0.1,303.4,2.725,6.9,0.0
2019-11-14,07:00,26.35,338.1,0.0,0.0,97075000000.0,99.8,0.1,296.5,2.8,6.5,0.0
2019-11-14,08:00,26.35,338.1,0.0,0.0,85909000000.0,99.8,0.1,295.9,2.634,5.9,0.0
2019-11-14,09:00,26.35,338.1,0.0,0.0,73632000000.0,99.8,0.1,297.7,2.437,6.0,0.0
2019-11-14,10:00,26.35,338.1,0.0,0.0,90297000000.0,99.8,0.1,293.6,2.703,6.0,0.0
2019-11-14,11:00,26.35,338.1,0.0,0.0,167000000000.0,97.8,0.4,280.1,3.728,5.0,0.0
2019-11-14,12:00,26.35,338.1,0.0,0.0,302000000000.0,98.5,0.2,261.3,5.219,5.9,0.0
2019-11-14,13:00,26.35,338.1,0.0,0.0,434000000000.0,98.9,0.1,245.6,6.554,8.5,0.0
2019-11-14,14:00,26.35,338.1,0.0,0.0,521000000000.0,99.0,0.1,237.4,7.393,9.3,0.0
2019-11-14,15:00,26.35,338.1,0.0,0.0,597000000000.0,99.1,0.1,240.0,7.834,13.1,0.0
2019-11-14,16:00,26.35,338.1,0.0,0.0,675000000000.0,99.1,0.1,250.3,8.045,15.2,0.0
2019-11-14,17:00,26.35,338.1,0.0,0.0,703000000000.0,99.1,0.1,257.3,8.035,18.5,0.0
2019-11-14,18:00,26.35,338.1,0.0,0.0,660000000000.0,99.0,0.1,254.0,7.846,19.7,0.0
2019-11-14,19:00,26.35,338.1,0.0,0.0,589000000000.0,98.8,0.1,243.8,7.635,16.3,0.0
2019-11-14,20:00,26.35,338.1,0.0,0.0,518000000000.0,98.6,0.2,235.7,7.384,12.7,0.0
2019-11-14,21:00,26.35,338.1,0.0,0.0,419000000000.0,98.2,0.2,232.1,6.762,12.1,0.0
2019-11-14,22:00,26.35,338.1,0.0,0.0,274000000000.0,97.3,0.5,231.2,5.516,10.4,0.0
2019-11-15,23:00,26.35,338.1,0.0,0.0,66505000000.0,99.2,0.4,253.4,2.523,8.6,0.0
2019-11-15,01:00,26.35,338.1,0.0,0.0,42413000000.0,99.1,0.5,283.5,1.872,6.1,0.0
2019-11-15,02:00,26.35,338.1,0.0,0.0,40807000000.0,99.4,0.3,308.1,1.822,5.6,0.0
2019-11-15,03:00,26.35,338.1,0.0,0.0,49443000000.0,99.7,0.2,316.3,2.035,6.1,0.0
2019-11-15,04:00,26.35,338.1,0.0,0.0,61528000000.0,99.8,0.1,317.4,2.28,5.5,0.0
2019-11-15,05:00,26.35,338.1,0.0,0.0,76390000000.0,99.8,0.1,312.7,2.514,5.6,0.0
2019-11-15,06:00,26.35,338.1,0.0,0.0,92050000000.0,99.9,0.1,303.8,2.728,5.6,0.0
2019-11-15,07:00,26.35,338.1,0.0,0.0,97232000000.0,99.9,0.1,296.9,2.801,5.4,0.0
2019-11-15,08:00,26.35,338.1,0.0,0.0,86257000000.0,99.8,0.1,296.3,2.639,5.3,0.0
2019-11-15,09:00,26.35,338.1,4.0,10.0,74023000000.0,99.8,0.1,298.1,2.444,5.9,1.0
2019-11-15,10:00,26.35,338.1,0.0,0.0,90427000000.0,99.8,0.1,294.1,2.704,5.6,0.0
2019-11-15,11:00,26.35,338.1,0.0,0.0,167000000000.0,97.8,0.3,280.7,3.724,4.7,0.0
2019-11-15,12:00,26.35,338.1,3.7,17.0,303000000000.0,98.6,0.1,261.7,5.217,5.3,1.0
2019-11-15,13:00,26.35,338.1,0.0,0.0,434000000000.0,99.0,0.1,245.7,6.558,7.9,0.0
2019-11-15,14:00,26.35,338.1,0.0,0.0,520000000000.0,99.0,0.1,237.1,7.397,9.6,0.0
2019-11-15,15:00,26.35,338.1,4.1,17.3,593000000000.0,99.1,0.1,239.5,7.828,12.1,1.0
2019-11-15,16:00,26.35,338.1,0.0,0.0,669000000000.0,99.1,0.1,249.9,8.024,12.4,0.0
2019-11-15,17:00,26.35,338.1,0.0,0.0,695000000000.0,99.1,0.1,257.1,7.998,13.3,0.0
2019-11-15,18:00,26.35,338.1,0.0,0.0,650000000000.0,99.0,0.1,253.9,7.791,12.1,0.0
2019-11-15,19:00,26.35,338.1,0.0,0.0,578000000000.0,98.8,0.1,243.7,7.568,11.9,0.0
2019-11-15,20:00,26.35,338.1,0.0,0.0,508000000000.0,98.5,0.2,235.6,7.314,11.4,0.0
2019-11-15,21:00,26.35,338.1,0.0,0.0,410000000000.0,98.2,0.3,232.1,6.695,11.9,0.0
2019-11-15,22:00,26.35,338.1,0.0,0.0,268000000000.0,97.2,0.5,231.6,5.453,10.8,0.0
2019-11-16,23:00,26.35,338.1,0.0,0.0,66893000000.0,99.2,0.5,254.3,2.523,8.6,0.0
2019-11-16,01:00,26.35,338.1,0.0,0.0,42825000000.0,99.1,0.5,284.2,1.88,6.4,0.0
2019-11-16,02:00,26.35,338.1,0.0,0.0,41325000000.0,99.3,0.4,308.2,1.833,5.3,0.0
2019-11-16,03:00,26.35,338.1,3.0,10.0,50254000000.0,99.6,0.2,316.2,2.051,6.0,1.0
2019-11-16,04:00,26.35,338.1,0.0,0.0,62410000000.0,99.7,0.1,317.4,2.296,5.9,0.0
2019-11-16,05:00,26.35,338.1,0.0,0.0,76992000000.0,99.8,0.1,313.0,2.526,5.8,0.0
2019-11-16,06:00,26.35,338.1,0.0,0.0,92396000000.0,99.8,0.1,304.3,2.734,5.6,0.0
2019-11-16,07:00,26.35,338.1,0.0,0.0,97525000000.0,99.8,0.1,297.4,2.805,5.3,0.0
2019-11-16,08:00,26.35,338.1,0.0,0.0,86472000000.0,99.8,0.1,296.8,2.642,5.3,0.0
2019-11-16,09:00,26.35,338.1,0.0,0.0,73957000000.0,99.8,0.1,298.6,2.442,5.4,0.0
2019-11-16,10:00,26.35,338.1,0.0,0.0,89953000000.0,99.8,0.1,294.7,2.697,5.1,0.0
2019-11-16,11:00,26.35,338.1,0.0,0.0,166000000000.0,97.8,0.4,281.2,3.712,4.9,0.0
2019-11-16,12:00,26.35,338.1,0.0,0.0,302000000000.0,98.5,0.2,262.1,5.202,5.7,0.0
2019-11-16,13:00,26.35,338.1,0.0,0.0,432000000000.0,98.9,0.1,245.7,6.538,8.8,0.0
2019-11-16,14:00,26.35,338.1,0.0,0.0,515000000000.0,99.0,0.1,236.8,7.37,11.3,0.0
2019-11-16,15:00,26.35,338.1,0.0,0.0,587000000000.0,99.1,0.1,239.1,7.796,14.5,0.0
2019-11-16,16:00,26.35,338.1,0.0,0.0,662000000000.0,99.1,0.1,249.6,7.988,15.3,0.0
2019-11-16,17:00,26.35,338.1,0.0,0.0,689000000000.0,99.1,0.1,256.9,7.965,14.6,0.0
2019-11-16,18:00,26.35,338.1,0.0,0.0,646000000000.0,99.0,0.1,253.8,7.767,11.9,0.0
2019-11-16,19:00,26.35,338.1,0.0,0.0,575000000000.0,98.8,0.1,243.7,7.551,11.9,0.0
2019-11-16,20:00,26.35,338.1,0.0,0.0,506000000000.0,98.5,0.2,235.6,7.296,11.4,0.0
2019-11-16,21:00,26.35,338.1,0.0,0.0,408000000000.0,98.2,0.3,232.3,6.673,11.8,0.0
2019-11-16,22:00,26.35,338.1,0.0,0.0,267000000000.0,97.2,0.6,232.1,5.432,10.4,0.0
2019-11-17,23:00,26.35,338.1,0.0,0.0,67293000000.0,99.1,0.5,255.3,2.523,10.1,0.0
2019-11-17,01:00,26.35,338.1,0.0,0.0,43239000000.0,99.0,0.6,284.9,1.887,8.1,0.0
2019-11-17,02:00,26.35,338.1,3.8,16.5,41846000000.0,99.3,0.4,308.3,1.845,7.1,1.0
2019-11-17,03:00,26.35,338.1,0.0,0.0,51072000000.0,99.6,0.2,316.0,2.066,7.8,0.0
2019-11-17,04:00,26.35,338.1,0.0,0.0,63299000000.0,99.7,0.1,317.4,2.312,7.7,0.0
2019-11-17,05:00,26.35,338.1,0.0,0.0,77592000000.0,99.8,0.1,313.3,2.537,7.0,0.0
2019-11-17,06:00,26.35,338.1,0.0,0.0,92733000000.0,99.8,0.1,304.8,2.739,6.9,0.0
2019-11-17,07:00,26.35,338.1,3.5,24.5,97814000000.0,99.8,0.1,297.9,2.809,6.2,1.0
2019-11-17,08:00,26.35,338.1,0.0,0.0,86685000000.0,99.8,0.1,297.2,2.645,6.1,0.0
2019-11-17,09:00,26.35,338.1,0.0,0.0,73890000000.0,99.8,0.1,299.0,2.441,6.2,0.0
2019-11-17,10:00,26.35,338.1,3.8,18.1,89477000000.0,99.8,0.1,295.2,2.689,5.8,1.0
2019-11-17,11:00,26.35,338.1,3.9,16.1,165000000000.0,97.9,0.3,281.8,3.699,5.5,1.0
2019-11-17,11:00,26.35,338.1,3.9,18.9,165000000000.0,97.9,0.3,281.8,3.699,5.5,1.0
2019-11-17,12:00,26.35,338.1,0.0,0.0,301000000000.0,98.5,0.2,262.6,5.186,5.7,0.0
2019-11-17,13:00,26.35,338.1,0.0,0.0,429000000000.0,98.9,0.1,245.8,6.519,8.8,0.0
2019-11-17,14:00,26.35,338.1,0.0,0.0,511000000000.0,99.0,0.1,236.5,7.344,10.2,0.0
2019-11-17,15:00,26.35,338.1,0.0,0.0,580000000000.0,99.1,0.1,238.7,7.763,12.8,0.0
2019-11-17,16:00,26.35,338.1,0.0,0.0,655000000000.0,99.1,0.1,249.2,7.952,13.4,0.0
2019-11-17,17:00,26.35,338.1,3.9,16.5,683000000000.0,99.1,0.1,256.8,7.932,14.4,1.0
2019-11-17,18:00,26.35,338.1,0.0,0.0,642000000000.0,99.0,0.1,253.8,7.743,12.8,0.0
2019-11-17,19:00,26.35,338.1,0.0,0.0,573000000000.0,98.8,0.1,243.6,7.533,12.2,0.0
2019-11-17,20:00,26.35,338.1,0.0,0.0,503000000000.0,98.5,0.2,235.5,7.279,12.9,0.0
2019-11-17,21:00,26.35,338.1,0.0,0.0,406000000000.0,98.1,0.3,232.4,6.651,14.1,0.0
2019-11-17,22:00,26.35,338.1,0.0,0.0,266000000000.0,97.2,0.5,232.5,5.411,12.4,0.0
2019-11-18,23:00,26.35,338.1,0.0,0.0,67703000000.0,99.2,0.5,256.2,2.523,8.6,0.0
2019-11-18,01:00,26.35,338.1,4.1,10.0,43654000000.0,99.1,0.5,285.7,1.894,7.4,1.0
2019-11-18,02:00,26.35,338.1,0.0,0.0,42370000000.0,99.4,0.4,308.4,1.857,6.7,0.0
2019-11-18,03:00,26.35,338.1,0.0,0.0,51898000000.0,99.6,0.2,315.8,2.082,7.3,0.0
2019-11-18,04:00,26.35,338.1,0.0,0.0,64194000000.0,99.8,0.1,317.4,2.328,6.6,0.0
2019-11-18,05:00,26.35,338.1,4.0,23.1,78190000000.0,99.8,0.1,313.6,2.548,6.1,1.0
2019-11-18,06:00,26.35,338.1,0.0,0.0,93062000000.0,99.9,0.1,305.3,2.745,6.0,0.0
2019-11-18,07:00,26.35,338.1,0.0,0.0,98100000000.0,99.9,0.1,298.4,2.813,5.8,0.0
2019-11-18,08:00,26.35,338.1,0.0,0.0,86895000000.0,99.8,0.1,297.7,2.648,5.6,0.0
2019-11-18,09:00,26.35,338.1,0.0,0.0,73820000000.0,99.8,0.1,299.5,2.44,5.9,0.0
2019-11-18,10:00,26.35,338.1,4.1,10.0,88999000000.0,99.8,0.1,295.7,2.681,5.2,1.0
2019-11-18,11:00,26.35,338.1,0.0,0.0,164000000000.0,97.9,0.3,282.4,3.686,5.0,0.0
2019-11-18,12:00,26.35,338.1,0.0,0.0,299000000000.0,98.6,0.1,263.0,5.17,5.3,0.0
2019-11-18,13:00,26.35,338.1,0.0,0.0,427000000000.0,99.0,0.1,245.9,6.499,8.4,0.0
2019-11-18,14:00,26.35,338.1,0.0,0.0,506000000000.0,99.0,0.1,236.2,7.318,10.6,0.0
2019-11-18,15:00,26.35,338.1,0.0,0.0,574000000000.0,99.1,0.1,238.2,7.73,12.5,0.0
2019-11-18,16:00,26.35,338.1,0.0,0.0,648000000000.0,99.1,0.1,248.9,7.916,14.7,0.0
2019-11-18,17:00,26.35,338.1,0.0,0.0,677000000000.0,99.1,0.1,256.6,7.899,17.2,0.0
2019-11-18,18:00,26.35,338.1,0.0,0.0,638000000000.0,99.0,0.1,253.7,7.718,15.9,0.0
2019-11-18,19:00,26.35,338.1,0.0,0.0,570000000000.0,98.8,0.1,243.6,7.516,15.0,0.0
2019-11-18,20:00,26.35,338.1,0.0,0.0,501000000000.0,98.5,0.2,235.5,7.262,13.7,0.0
2019-11-18,21:00,26.35,338.1,0.0,0.0,404000000000.0,98.2,0.3,232.6,6.629,14.5,0.0
2019-11-18,22:00,26.35,338.1,0.0,0.0,265000000000.0,97.2,0.5,233.1,5.39,11.5,0.0
2019-11-19,23:00,26.35,338.1,0.0,0.0,68125000000.0,99.2,0.4,257.3,2.523,8.4,0.0
2019-11-19,01:00,26.35,338.1,0.0,0.0,44070000000.0,99.2,0.5,286.4,1.901,6.9,0.0
2019-11-19,02:00,26.35,338.1,0.0,0.0,42897000000.0,99.4,0.3,308.5,1.868,6.3,0.0
2019-11-19,03:00,26.35,338.1,0.0,0.0,52732000000.0,99.6,0.2,315.6,2.097,6.7,0.0
2019-11-19,04:00,26.35,338.1,0.0,0.0,65097000000.0,99.8,0.1,317.4,2.344,6.5,0.0
2019-11-19,05:00,26.35,338.1,0.0,0.0,78784000000.0,99.8,0.1,314.0,2.56,6.4,0.0
2019-11-19,06:00,26.35,338.1,3.9,21.1,93380000000.0,99.8,0.1,305.8,2.751,6.0,1.0
2019-11-19,07:00,26.35,338.1,3.7,18.0,98382000000.0,99.9,0.1,298.9,2.817,5.3,1.0
2019-11-19,08:00,26.35,338.1,0.0,0.0,87103000000.0,99.8,0.1,298.2,2.651,5.6,0.0
2019-11-19,09:00,26.35,338.1,3.8,15.9,73747000000.0,99.8,0.1,300.0,2.439,6.3,1.0
2019-11-19,10:00,26.35,338.1,0.0,0.0,88519000000.0,99.8,0.1,296.3,2.673,5.2,0.0
2019-11-19,11:00,26.35,338.1,0.0,0.0,163000000000.0,97.9,0.3,283.0,3.673,5.3,0.0
2019-11-19,12:00,26.35,338.1,0.0,0.0,298000000000.0,98.6,0.1,263.5,5.154,5.5,0.0
2019-11-19,13:00,26.35,338.1,0.0,0.0,425000000000.0,98.9,0.1,246.0,6.479,8.0,0.0
2019-11-19,14:00,26.35,338.1,0.0,0.0,501000000000.0,99.0,0.1,235.9,7.292,10.0,0.0
2019-11-19,15:00,26.35,338.1,0.0,0.0,567000000000.0,99.1,0.1,237.8,7.697,12.3,0.0
2019-11-19,16:00,26.35,338.1,0.0,0.0,640000000000.0,99.1,0.1,248.5,7.88,13.9,0.0
2019-11-19,17:00,26.35,338.1,3.7,5.0,671000000000.0,99.1,0.1,256.4,7.866,15.2,1.0
2019-11-19,18:00,26.35,338.1,0.0,0.0,634000000000.0,98.9,0.1,253.7,7.694,12.0,0.0
2019-11-19,19:00,26.35,338.1,0.0,0.0,567000000000.0,98.7,0.1,243.6,7.499,12.3,0.0
2019-11-19,20:00,26.35,338.1,3.7,16.6,498000000000.0,98.5,0.2,235.5,7.244,13.1,1.0
2019-11-19,21:00,26.35,338.1,0.0,0.0,401000000000.0,98.1,0.3,232.8,6.607,12.3,0.0
2019-11-19,22:00,26.35,338.1,0.0,0.0,264000000000.0,97.2,0.5,233.6,5.369,10.5,0.0
2019-11-20,23:00,26.35,338.1,0.0,0.0,68556000000.0,99.3,0.4,258.3,2.522,8.2,0.0
2019-11-20,01:00,26.35,338.1,0.0,0.0,44486000000.0,99.2,0.5,287.2,1.908,6.7,0.0
2019-11-20,02:00,26.35,338.1,0.0,0.0,43427000000.0,99.4,0.3,308.6,1.88,6.0,0.0
2019-11-20,03:00,26.35,338.1,0.0,0.0,53573000000.0,99.7,0.2,315.4,2.113,5.7,0.0
2019-11-20,04:00,26.35,338.1,6.4,9.4,66006000000.0,99.8,0.1,317.4,2.359,5.8,1.0
2019-11-20,04:00,26.35,338.1,3.8,10.0,66006000000.0,99.8,0.1,317.4,2.359,5.8,1.0
2019-11-20,04:00,26.35,338.1,3.9,10.0,66006000000.0,99.8,0.1,317.4,2.359,5.8,1.0
2019-11-20,04:00,26.35,338.1,3.7,10.0,66006000000.0,99.8,0.1,317.4,2.359,5.8,1.0
2019-11-20,05:00,26.35,338.1,4.0,10.0,79375000000.0,99.8,0.1,314.3,2.571,6.0,1.0
2019-11-20,05:00,26.35,338.1,3.9,10.0,79375000000.0,99.8,0.1,314.3,2.571,6.0,1.0
2019-11-20,05:00,26.35,338.1,3.8,10.0,79375000000.0,99.8,0.1,314.3,2.571,6.0,1.0
2019-11-20,05:00,26.35,338.1,3.7,10.0,79375000000.0,99.8,0.1,314.3,2.571,6.0,1.0
2019-11-20,06:00,26.35,338.1,3.9,10.0,93688000000.0,99.9,0.1,306.3,2.757,5.7,1.0
2019-11-20,06:00,26.35,338.1,4.0,10.0,93688000000.0,99.9,0.1,306.3,2.757,5.7,1.0
2019-11-20,06:00,26.35,338.1,4.1,10.0,93688000000.0,99.9,0.1,306.3,2.757,5.7,1.0
2019-11-20,07:00,26.35,338.1,0.0,0.0,98660000000.0,99.9,0.1,299.5,2.821,6.1,0.0
2019-11-20,08:00,26.35,338.1,0.0,0.0,87308000000.0,99.8,0.1,298.7,2.654,6.3,0.0
2019-11-20,09:00,26.35,338.1,3.8,10.0,73670000000.0,99.8,0.1,300.5,2.437,6.0,1.0
2019-11-20,10:00,26.35,338.1,4.0,10.0,88035000000.0,99.8,0.1,296.9,2.666,5.1,1.0
2019-11-20,10:00,26.35,338.1,4.0,10.0,88035000000.0,99.8,0.1,296.9,2.666,5.1,1.0
2019-11-20,10:00,26.35,338.1,3.8,10.0,88035000000.0,99.8,0.1,296.9,2.666,5.1,1.0
2019-11-20,11:00,26.35,338.1,3.8,10.0,163000000000.0,97.9,0.3,283.6,3.66,5.3,1.0
2019-11-20,11:00,26.35,338.1,5.3,10.0,163000000000.0,97.9,0.3,283.6,3.66,5.3,1.0
2019-11-20,11:00,26.35,338.1,4.5,10.0,163000000000.0,97.9,0.3,283.6,3.66,5.3,1.0
2019-11-20,12:00,26.35,338.1,0.0,0.0,297000000000.0,98.6,0.1,263.9,5.138,5.2,0.0
2019-11-20,13:00,26.35,338.1,0.0,0.0,422000000000.0,99.0,0.1,246.0,6.459,7.8,0.0
2019-11-20,14:00,26.35,338.1,4.0,16.0,497000000000.0,99.0,0.1,235.7,7.266,9.9,1.0
2019-11-20,15:00,26.35,338.1,0.0,0.0,561000000000.0,99.1,0.1,237.4,7.664,12.3,0.0
2019-11-20,16:00,26.35,338.1,4.1,10.0,633000000000.0,99.1,0.1,248.2,7.844,13.4,1.0
2019-11-20,17:00,26.35,338.1,4.0,13.0,665000000000.0,99.1,0.1,256.3,7.833,14.3,1.0
2019-11-20,18:00,26.35,338.1,0.0,0.0,630000000000.0,98.9,0.1,253.7,7.67,11.4,0.0
2019-11-20,19:00,26.35,338.1,0.0,0.0,565000000000.0,98.8,0.1,243.6,7.482,10.6,0.0
2019-11-20,20:00,26.35,338.1,4.1,10.0,496000000000.0,98.5,0.2,235.6,7.227,10.3,1.0
2019-11-20,21:00,26.35,338.1,0.0,0.0,399000000000.0,98.1,0.3,233.0,6.585,11.4,0.0
2019-11-20,22:00,26.35,338.1,3.9,10.0,263000000000.0,97.2,0.5,234.2,5.348,11.0,1.0
2019-11-21,23:00,26.35,338.1,4.2,15.0,68998000000.0,99.2,0.4,259.4,2.522,9.9,1.0
2019-11-21,01:00,26.35,338.1,3.9,10.0,44903000000.0,99.1,0.5,288.0,1.916,7.7,1.0
2019-11-21,02:00,26.35,338.1,0.0,0.0,43961000000.0,99.4,0.4,308.7,1.892,7.6,0.0
2019-11-21,03:00,26.35,338.1,0.0,0.0,54422000000.0,99.6,0.2,315.2,2.128,6.9,0.0
2019-11-21,04:00,26.35,338.1,0.0,0.0,66922000000.0,99.8,0.1,317.4,2.375,6.9,0.0
2019-11-21,05:00,26.35,338.1,4.2,7.8,79962000000.0,99.8,0.1,314.6,2.582,7.6,1.0
2019-11-21,06:00,26.35,338.1,0.0,0.0,93984000000.0,99.8,0.1,306.8,2.763,6.7,0.0
2019-11-21,07:00,26.35,338.1,0.0,0.0,98933000000.0,99.8,0.1,300.0,2.825,6.5,0.0
2019-11-21,08:00,26.35,338.1,0.0,0.0,87510000000.0,99.8,0.1,299.2,2.657,7.4,0.0
2019-11-21,09:00,26.35,338.1,0.0,0.0,73588000000.0,99.8,0.1,301.0,2.436,6.6,0.0
2019-11-21,10:00,26.35,338.1,0.0,0.0,87549000000.0,99.8,0.1,297.4,2.658,5.8,0.0
2019-11-21,11:00,26.35,338.1,0.0,0.0,162000000000.0,97.9,0.4,284.3,3.648,6.1,0.0
2019-11-21,12:00,26.35,338.1,0.0,0.0,296000000000.0,98.5,0.2,264.4,5.122,6.2,0.0
2019-11-21,13:00,26.35,338.1,0.0,0.0,420000000000.0,98.9,0.1,246.1,6.439,8.3,0.0
2019-11-21,14:00,26.35,338.1,0.0,0.0,492000000000.0,99.0,0.1,235.4,7.239,11.1,0.0
2019-11-21,15:00,26.35,338.1,0.0,0.0,554000000000.0,99.0,0.1,237.0,7.631,14.2,0.0
2019-11-21,16:00,26.35,338.1,0.0,0.0,626000000000.0,99.1,0.1,247.9,7.808,16.2,0.0
2019-11-21,17:00,26.35,338.1,0.0,0.0,659000000000.0,99.1,0.1,256.2,7.8,18.1,0.0
2019-11-21,18:00,26.35,338.1,0.0,0.0,626000000000.0,98.9,0.1,253.7,7.645,16.1,0.0
2019-11-21,19:00,26.35,338.1,0.0,0.0,563000000000.0,98.7,0.1,243.6,7.465,13.0,0.0
2019-11-21,20:00,26.35,338.1,4.0,10.0,494000000000.0,98.5,0.2,235.6,7.209,13.4,1.0
2019-11-21,21:00,26.35,338.1,4.0,10.0,397000000000.0,98.1,0.3,233.3,6.563,14.2,1.0
2019-11-21,22:00,26.35,338.1,4.0,10.0,262000000000.0,97.1,0.6,234.8,5.327,12.8,1.0
2020-06-16,01:00,27.89,335.1,0.0,0.0,643000000000.0,99.1,0.0,288.9,7.239,16.5,0.0
2020-06-16,02:00,27.89,335.1,0.0,0.0,492000000000.0,99.9,0.0,288.9,6.328,17.7,0.0
2020-06-16,03:00,27.89,335.1,0.0,0.0,387000000000.0,99.9,0.0,301.7,5.591,18.9,0.0
2020-06-16,04:00,27.89,335.1,0.0,0.0,287000000000.0,99.9,0.0,316.4,5.027,14.3,0.0
2020-06-16,05:00,27.89,335.1,3.5,6.2,221000000000.0,99.9,0.0,321.1,4.481,11.3,1.0
2020-06-16,04:00,27.87,335.1,3.9,23.6,1875500000.0,99.7,0.1,316.1,4.014,4.9,1.0
2020-06-16,05:00,27.88,335.0,3.8,9.1,18755000000.0,99.8,0.1,316.2,4.015,5.9,1.0
2020-06-16,06:00,27.89,335.1,3.5,16.1,188000000000.0,99.9,0.1,316.3,4.016,6.9,1.0
2020-06-16,07:00,27.89,335.1,3.5,10.4,176000000000.0,99.9,0.1,308.0,3.801,5.7,1.0
2020-06-16,07:00,27.89,335.1,3.6,25.8,176000000000.0,99.9,0.1,308.0,3.801,5.7,1.0
2020-06-16,08:00,27.89,335.1,3.7,11.1,169000000000.0,99.9,0.1,304.5,3.702,6.1,1.0
2020-06-16,08:00,27.89,335.1,3.7,14.1,169000000000.0,99.9,0.1,304.5,3.702,6.1,1.0
2020-06-16,09:00,27.89,335.1,3.5,5.3,144000000000.0,99.9,0.1,306.0,3.425,5.5,1.0
2020-06-16,09:00,27.89,335.1,3.9,51.6,144000000000.0,99.9,0.1,306.0,3.425,5.5,1.0
2020-06-16,10:00,27.89,335.1,0.0,0.0,117000000000.0,99.8,0.1,304.2,3.076,6.5,0.0
2020-06-16,11:00,27.89,335.1,0.0,0.0,122000000000.0,99.7,0.1,290.3,3.145,5.1,0.0
2020-06-16,12:00,27.89,335.1,4.0,16.2,167000000000.0,96.8,0.3,267.7,3.809,4.7,1.0
2020-06-16,13:00,27.89,335.1,3.4,7.6,229000000000.0,97.6,0.2,251.6,4.638,5.8,1.0
2020-06-16,13:00,27.89,335.1,3.3,10.3,229000000000.0,97.6,0.2,251.6,4.638,5.8,1.0
2020-06-16,14:00,27.89,335.1,3.9,36.1,292000000000.0,98.1,0.2,254.5,5.173,8.0,1.0
2020-06-16,15:00,27.89,335.1,0.0,0.0,354000000000.0,98.4,0.1,272.8,5.471,10.1,0.0
2020-06-16,16:00,27.89,335.1,3.8,107.6,428000000000.0,98.6,0.1,291.5,5.891,12.5,1.0
2020-06-16,16:00,27.89,335.1,3.4,9.8,428000000000.0,98.6,0.1,291.5,5.891,12.5,1.0
2020-06-16,16:00,27.89,335.1,3.3,13.4,428000000000.0,98.6,0.1,291.5,5.891,12.5,1.0
2020-06-16,17:00,27.89,335.1,3.3,9.9,536000000000.0,98.8,0.1,302.8,6.576,14.7,1.0
2020-06-16,17:00,27.89,335.1,3.8,35.3,536000000000.0,98.8,0.1,302.8,6.576,14.7,1.0
2020-06-16,18:00,27.89,335.1,3.8,24.0,671000000000.0,99.0,0.1,308.6,7.371,17.5,1.0
2020-06-16,19:00,27.89,335.1,0.0,0.0,798000000000.0,99.1,0.1,309.6,8.054,18.5,0.0
2020-06-16,20:00,27.89,335.1,3.5,16.5,890000000000.0,99.2,0.1,306.0,8.492,20.0,1.0
2020-06-16,21:00,27.89,335.1,0.0,0.0,932000000000.0,99.2,0.1,303.1,8.673,18.5,0.0
2020-06-16,22:00,27.89,335.1,4.4,11.2,932000000000.0,99.2,0.1,301.0,8.672,17.7,1.0
2020-06-16,23:00,27.89,335.1,3.3,15.0,896000000000.0,99.2,0.1,297.0,8.503,16.7,1.0
2020-06-17,01:00,27.89,335.1,0.0,0.0,640000000000.0,99.1,0.0,288.8,7.225,16.5,0.0
2020-06-17,02:00,27.89,335.1,3.4,11.5,490000000000.0,99.9,0.0,288.9,6.317,16.4,1.0
2020-06-17,03:00,27.87,335.1,3.8,8.3,3856600000.0,99.7,0.2,301.5,5.577,10.8,1.0
2020-06-17,03:00,27.88,335.0,3.9,9.4,38566000000.0,99.8,0.1,301.6,5.578,11.8,1.0
2020-06-17,03:00,27.89,335.1,4.0,36.1,386000000000.0,99.9,0.0,301.7,5.579,12.8,1.0
2020-06-17,04:00,27.89,335.1,0.0,0.0,286000000000.0,99.9,0.0,316.4,5.013,11.2,0.0
2020-06-17,05:00,27.89,335.1,0.0,0.0,220000000000.0,99.9,0.0,321.1,4.472,10.4,0.0
2020-06-17,06:00,27.89,335.1,3.7,52.7,187000000000.0,99.9,0.1,316.2,4.013,8.6,1.0
2020-06-17,06:00,27.89,335.1,3.3,15.8,187000000000.0,99.9,0.1,316.2,4.013,8.6,1.0
2020-06-17,07:00,27.89,335.1,3.8,16.8,176000000000.0,99.9,0.1,308.0,3.794,7.2,1.0
2020-06-17,08:00,27.89,335.1,3.8,17.0,168000000000.0,99.9,0.1,304.5,3.69,6.9,1.0
2020-06-17,08:00,27.89,335.1,3.9,61.7,168000000000.0,99.9,0.1,304.5,3.69,6.9,1.0
2020-06-17,08:00,27.89,335.1,3.6,11.2,168000000000.0,99.9,0.1,304.5,3.69,6.9,1.0
2020-06-17,08:00,27.89,335.1,3.5,57.5,168000000000.0,99.9,0.1,304.5,3.69,6.9,1.0
2020-06-17,08:00,27.89,335.1,3.5,21.4,168000000000.0,99.9,0.1,304.5,3.69,6.9,1.0
2020-06-17,08:00,27.89,335.1,3.3,10.1,168000000000.0,99.9,0.1,304.5,3.69,6.9,1.0
2020-06-17,09:00,27.89,335.1,0.0,0.0,143000000000.0,99.9,0.1,305.9,3.418,6.8,0.0
2020-06-17,10:00,27.89,335.1,0.0,0.0,117000000000.0,99.8,0.1,304.2,3.079,7.1,0.0
2020-06-17,11:00,27.89,335.1,3.5,17.1,122000000000.0,99.7,0.1,290.3,3.147,6.0,1.0
2020-06-17,11:00,27.89,335.1,3.3,29.6,122000000000.0,99.7,0.1,290.3,3.147,6.0,1.0
2020-06-17,12:00,27.89,335.1,3.3,15.9,166000000000.0,96.8,0.3,267.7,3.801,5.4,1.0
2020-06-17,13:00,27.89,335.1,0.0,0.0,228000000000.0,97.6,0.2,251.7,4.625,6.5,0.0
2020-06-17,14:00,27.89,335.1,0.0,0.0,290000000000.0,98.1,0.2,254.6,5.161,9.0,0.0
2020-06-17,15:00,27.89,335.1,0.0,0.0,352000000000.0,98.3,0.1,272.8,5.458,10.2,0.0
2020-06-17,16:00,27.89,335.1,3.8,118.3,425000000000.0,98.6,0.1,291.4,5.87,11.7,1.0
2020-06-17,17:00,27.89,335.1,3.7,16.1,532000000000.0,98.8,0.1,302.7,6.551,12.7,1.0
2020-06-17,17:00,27.89,335.1,3.9,31.8,532000000000.0,98.8,0.1,302.7,6.551,12.7,1.0
2020-06-17,18:00,27.89,335.1,0.0,0.0,666000000000.0,99.0,0.1,308.5,7.347,13.7,0.0
2020-06-17,19:00,27.89,335.1,3.4,56.9,793000000000.0,99.1,0.1,309.6,8.029,15.0,1.0
2020-06-17,20:00,27.89,335.1,0.0,0.0,885000000000.0,99.2,0.1,306.0,8.467,17.4,0.0
2020-06-17,21:00,27.89,335.1,0.0,0.0,927000000000.0,99.2,0.1,303.0,8.653,18.0,0.0
2020-06-17,22:00,27.89,335.1,0.0,0.0,929000000000.0,99.2,0.1,301.0,8.658,18.0,0.0
2020-06-17,23:00,27.89,335.1,0.0,0.0,893000000000.0,99.2,0.1,296.9,8.488,17.5,0.0
2020-06-18,01:00,27.89,335.1,3.7,18.5,638000000000.0,99.1,0.0,288.6,7.21,20.1,1.0
2020-06-18,01:00,27.89,335.1,3.7,27.5,638000000000.0,99.1,0.0,288.6,7.21,20.1,1.0
2020-06-18,02:00,27.89,335.1,3.4,9.8,488000000000.0,99.9,0.0,288.8,6.306,20.2,1.0
2020-06-18,03:00,27.89,335.1,3.9,18.5,384000000000.0,99.9,0.0,301.7,5.566,17.2,1.0
2020-06-18,03:00,27.89,335.1,4.0,16.1,384000000000.0,99.9,0.0,301.7,5.566,17.2,1.0
2020-06-18,03:00,27.89,335.1,3.5,4.7,384000000000.0,99.9,0.0,301.7,5.566,17.2,1.0
2020-06-18,04:00,27.89,335.1,3.4,11.1,284000000000.0,99.9,0.0,316.4,4.998,9.6,1.0
2020-06-18,04:00,27.89,335.1,3.8,16.8,284000000000.0,99.9,0.0,316.4,4.998,9.6,1.0
2020-06-18,05:00,27.89,335.1,3.3,15.0,219000000000.0,99.9,0.0,321.0,4.462,6.8,1.0
2020-06-18,06:00,27.89,335.1,3.6,29.5,187000000000.0,99.9,0.1,316.2,4.009,6.8,1.0
2020-06-18,06:00,27.89,335.1,3.7,33.0,187000000000.0,99.9,0.1,316.2,4.009,6.8,1.0
2020-06-18,07:00,27.89,335.1,0.0,0.0,175000000000.0,99.9,0.1,308.0,3.787,6.1,0.0
2020-06-18,08:00,27.89,335.1,3.5,12.8,167000000000.0,99.9,0.1,304.5,3.679,5.9,1.0
2020-06-18,08:00,27.89,335.1,3.7,11.8,167000000000.0,99.9,0.1,304.5,3.679,5.9,1.0
2020-06-18,09:00,27.89,335.1,0.0,0.0,143000000000.0,99.9,0.1,305.9,3.412,5.7,0.0
2020-06-18,10:00,27.89,335.1,0.0,0.0,117000000000.0,99.8,0.1,304.2,3.082,5.9,0.0
2020-06-18,11:00,27.89,335.1,3.4,26.6,122000000000.0,99.7,0.1,290.3,3.148,5.5,1.0
2020-06-18,12:00,27.89,335.1,3.9,38.7,165000000000.0,96.8,0.3,267.8,3.793,4.9,1.0
2020-06-18,13:00,27.89,335.1,3.8,12.9,227000000000.0,97.6,0.2,251.8,4.612,6.4,1.0
2020-06-18,13:00,27.89,335.1,3.5,13.5,227000000000.0,97.6,0.2,251.8,4.612,6.4,1.0
2020-06-18,13:00,27.89,335.1,3.9,36.0,227000000000.0,97.6,0.2,251.8,4.612,6.4,1.0
2020-06-18,14:00,27.89,335.1,0.0,0.0,289000000000.0,98.1,0.2,254.7,5.149,7.8,0.0
2020-06-18,15:00,27.89,335.1,0.0,0.0,350000000000.0,98.4,0.1,272.8,5.444,8.6,0.0
2020-06-18,16:00,27.89,335.1,0.0,0.0,422000000000.0,98.6,0.1,291.3,5.849,10.7,0.0
2020-06-18,17:00,27.89,335.1,0.0,0.0,528000000000.0,98.8,0.1,302.6,6.526,12.1,0.0
2020-06-18,18:00,27.89,335.1,3.4,27.7,662000000000.0,99.0,0.1,308.4,7.323,12.6,1.0
2020-06-18,18:00,27.89,335.1,3.5,24.1,662000000000.0,99.0,0.1,308.4,7.323,12.6,1.0
2020-06-18,19:00,27.89,335.1,3.5,36.8,789000000000.0,99.1,0.1,309.5,8.005,14.2,1.0
2020-06-18,19:00,27.89,335.1,3.5,10.7,789000000000.0,99.1,0.1,309.5,8.005,14.2,1.0
2020-06-18,20:00,27.89,335.1,0.0,0.0,880000000000.0,99.2,0.1,305.9,8.442,14.7,0.0
2020-06-18,21:00,27.89,335.1,0.0,0.0,923000000000.0,99.2,0.1,303.0,8.632,14.6,0.0
2020-06-18,22:00,27.89,335.1,3.4,10.0,926000000000.0,99.2,0.1,300.9,8.643,14.2,1.0
2020-06-18,22:00,27.89,335.1,3.5,23.5,926000000000.0,99.2,0.1,300.9,8.643,14.2,1.0
2020-06-18,22:00,27.89,335.1,3.7,87.9,926000000000.0,99.2,0.1,300.9,8.643,14.2,1.0
2020-06-18,22:00,27.89,335.1,3.4,7.7,926000000000.0,99.2,0.1,300.9,8.643,14.2,1.0
2020-06-18,22:00,27.89,335.1,3.5,8.9,926000000000.0,99.2,0.1,300.9,8.643,14.2,1.0
2020-06-18,22:00,27.89,335.1,3.5,11.3,926000000000.0,99.2,0.1,300.9,8.643,14.2,1.0
2020-06-18,23:00,27.89,335.1,3.7,7.9,890000000000.0,99.2,0.1,296.8,8.474,16.0,1.0
2020-06-18,23:00,27.89,335.1,3.5,24.8,890000000000.0,99.2,0.1,296.8,8.474,16.0,1.0
2020-06-19,01:00,27.89,335.1,3.9,16.6,635000000000.0,99.1,0.0,288.4,7.196,16.3,1.0
2020-06-19,01:00,27.89,335.1,3.4,7.1,635000000000.0,99.1,0.0,288.4,7.196,16.3,1.0
2020-06-19,02:00,27.89,335.1,3.3,7.8,486000000000.0,99.9,0.0,288.7,6.295,16.7,1.0
2020-06-19,03:00,27.89,335.1,3.3,13.9,382000000000.0,99.9,0.0,301.7,5.554,14.7,1.0
2020-06-19,04:00,27.89,335.1,0.0,0.0,283000000000.0,99.9,0.0,316.4,4.984,13.0,0.0
2020-06-19,05:00,27.89,335.1,3.3,19.7,218000000000.0,99.9,0.0,321.0,4.453,12.0,1.0
2020-06-19,06:00,27.89,335.1,3.3,14.9,187000000000.0,99.9,0.0,316.1,4.005,9.3,1.0
2020-06-19,07:00,27.89,335.1,0.0,0.0,174000000000.0,99.9,0.1,307.9,3.781,7.1,0.0
2020-06-19,08:00,27.89,335.1,3.6,10.1,166000000000.0,99.9,0.1,304.5,3.667,6.7,1.0
2020-06-19,08:00,27.89,335.1,3.8,19.7,166000000000.0,99.9,0.1,304.5,3.667,6.7,1.0
2020-06-19,09:00,27.89,335.1,3.7,85.0,142000000000.0,99.9,0.1,305.9,3.405,6.7,1.0
2020-06-19,09:00,27.89,335.1,3.8,24.7,142000000000.0,99.9,0.1,305.9,3.405,6.7,1.0
2020-06-19,09:00,27.89,335.1,3.9,16.1,142000000000.0,99.9,0.1,305.9,3.405,6.7,1.0
2020-06-19,10:00,27.89,335.1,3.6,73.5,118000000000.0,99.8,0.1,304.2,3.084,7.1,1.0
2020-06-19,11:00,27.89,335.1,4.0,55.1,122000000000.0,99.8,0.1,290.3,3.15,6.0,1.0
2020-06-19,12:00,27.89,335.1,0.0,0.0,165000000000.0,96.9,0.3,267.9,3.785,5.3,0.0
2020-06-19,13:00,27.89,335.1,0.0,0.0,226000000000.0,97.6,0.2,251.9,4.599,6.7,0.0
2020-06-19,14:00,27.89,335.1,0.0,0.0,288000000000.0,98.1,0.2,254.7,5.138,8.8,0.0
2020-06-19,15:00,27.89,335.1,3.8,16.1,348000000000.0,98.4,0.1,272.8,5.43,10.9,1.0
2020-06-19,16:00,27.89,335.1,4.6,8.5,419000000000.0,98.6,0.1,291.2,5.827,12.7,1.0
2020-06-19,16:00,27.89,335.1,3.3,12.7,419000000000.0,98.6,0.1,291.2,5.827,12.7,1.0
2020-06-19,17:00,27.89,335.1,0.0,0.0,524000000000.0,98.8,0.1,302.5,6.501,13.9,0.0
2020-06-19,18:00,27.89,335.1,3.4,18.5,658000000000.0,99.0,0.1,308.2,7.299,14.1,1.0
2020-06-19,19:00,27.89,335.1,3.8,16.1,784000000000.0,99.1,0.1,309.4,7.98,14.8,1.0
2020-06-19,20:00,27.89,335.1,3.8,80.0,875000000000.0,99.2,0.1,305.8,8.417,15.2,1.0
2020-06-19,20:00,27.89,335.1,3.3,11.0,875000000000.0,99.2,0.1,305.8,8.417,15.2,1.0
2020-06-19,21:00,27.89,335.1,3.3,16.1,919000000000.0,99.2,0.1,302.9,8.612,13.4,1.0
2020-06-19,22:00,27.89,335.1,0.0,0.0,923000000000.0,99.2,0.1,300.8,8.629,13.4,0.0
2020-06-19,23:00,27.89,335.1,3.5,10.4,887000000000.0,99.2,0.1,296.7,8.46,14.0,1.0
2020-06-20,01:00,27.89,335.1,3.7,43.5,632000000000.0,99.1,0.0,288.2,7.181,17.5,1.0
2020-06-20,02:00,27.89,335.1,3.6,5.0,485000000000.0,99.9,0.0,288.6,6.284,18.4,1.0
2020-06-20,03:00,27.89,335.1,3.7,5.0,381000000000.0,99.9,0.0,301.7,5.542,14.9,1.0
2020-06-20,04:00,27.89,335.1,3.8,16.2,281000000000.0,99.9,0.0,316.3,4.97,12.4,1.0
2020-06-20,05:00,27.89,335.1,0.0,0.0,218000000000.0,99.9,0.0,320.9,4.443,10.8,0.0
2020-06-20,06:00,27.89,335.1,4.0,4.3,186000000000.0,99.9,0.1,316.0,4.001,8.8,1.0
2020-06-20,06:00,27.89,335.1,3.8,112.6,186000000000.0,99.9,0.1,316.0,4.001,8.8,1.0
2020-06-20,07:00,27.89,335.1,3.5,16.1,174000000000.0,99.9,0.1,307.9,3.774,7.6,1.0
2020-06-20,07:00,27.89,335.1,3.6,63.7,174000000000.0,99.9,0.1,307.9,3.774,7.6,1.0
2020-06-20,08:00,27.89,335.1,3.7,118.8,165000000000.0,99.9,0.1,304.5,3.656,7.4,1.0
2020-06-20,09:00,27.89,335.1,3.9,17.9,142000000000.0,99.8,0.1,305.8,3.399,6.9,1.0
2020-06-20,09:00,27.89,335.1,3.6,16.1,142000000000.0,99.8,0.1,305.8,3.399,6.9,1.0
2020-06-20,10:00,27.89,335.1,0.0,0.0,118000000000.0,99.8,0.1,304.1,3.087,6.1,0.0
2020-06-20,11:00,27.89,335.1,3.6,3.7,122000000000.0,99.7,0.1,290.3,3.152,5.8,1.0
2020-06-20,12:00,27.89,335.1,3.4,8.5,164000000000.0,96.8,0.3,267.9,3.777,5.2,1.0
2020-06-20,13:00,27.89,335.1,0.0,0.0,224000000000.0,97.6,0.2,252.0,4.586,6.4,0.0
2020-06-20,14:00,27.89,335.1,0.0,0.0,287000000000.0,98.1,0.2,254.8,5.126,8.1,0.0
2020-06-20,15:00,27.89,335.1,0.0,0.0,347000000000.0,98.3,0.1,272.8,5.416,8.6,0.0
2020-06-20,16:00,27.89,335.1,3.8,3.0,416000000000.0,98.6,0.1,291.1,5.806,9.9,1.0
2020-06-20,16:00,27.89,335.1,3.8,116.9,416000000000.0,98.6,0.1,291.1,5.806,9.9,1.0
2020-06-20,17:00,27.89,335.1,0.0,0.0,520000000000.0,98.8,0.1,302.4,6.476,11.2,0.0
2020-06-20,18:00,27.89,335.1,3.6,24.4,653000000000.0,99.0,0.1,308.1,7.275,13.0,1.0
2020-06-20,19:00,27.89,335.1,0.0,0.0,779000000000.0,99.1,0.1,309.3,7.956,15.2,0.0
2020-06-20,20:00,27.89,335.1,0.0,0.0,870000000000.0,99.2,0.1,305.8,8.392,18.2,0.0
2020-06-20,21:00,27.89,335.1,3.6,60.4,914000000000.0,99.2,0.1,302.9,8.591,19.3,1.0
2020-06-20,22:00,27.89,335.1,0.0,0.0,920000000000.0,99.2,0.1,300.7,8.614,19.3,0.0
2020-06-20,23:00,27.89,335.1,3.8,118.6,883000000000.0,99.2,0.1,296.5,8.445,18.0,1.0
2020-06-20,23:00,27.89,335.1,3.8,26.0,883000000000.0,99.2,0.1,296.5,8.445,18.0,1.0
2020-06-21,01:00,27.89,335.1,3.5,99.4,629000000000.0,99.1,0.0,288.0,7.167,16.0,1.0
2020-06-21,01:00,27.89,335.1,3.6,98.9,629000000000.0,99.1,0.0,288.0,7.167,16.0,1.0
2020-06-21,02:00,27.89,335.1,3.7,7.3,483000000000.0,99.9,0.0,288.5,6.273,14.0,1.0
2020-06-21,02:00,27.89,335.1,3.7,17.0,483000000000.0,99.9,0.0,288.5,6.273,14.0,1.0
2020-06-21,03:00,27.89,335.1,0.0,0.0,379000000000.0,99.9,0.0,301.6,5.529,11.9,0.0
2020-06-21,04:00,27.89,335.1,0.0,0.0,280000000000.0,99.9,0.0,316.3,4.955,10.1,0.0
2020-06-21,05:00,27.89,335.1,0.0,0.0,217000000000.0,99.9,0.0,320.9,4.434,9.0,0.0
2020-06-21,06:00,27.89,335.1,0.0,0.0,186000000000.0,99.9,0.0,316.0,3.998,6.7,0.0
2020-06-21,07:00,27.89,335.1,3.8,53.9,173000000000.0,99.9,0.1,307.9,3.767,5.6,1.0
2020-06-21,08:00,27.89,335.1,0.0,0.0,164000000000.0,99.9,0.1,304.4,3.644,5.5,0.0
2020-06-21,09:00,27.89,335.1,0.0,0.0,141000000000.0,99.9,0.1,305.8,3.392,5.5,0.0
2020-06-21,10:00,27.89,335.1,0.0,0.0,118000000000.0,99.8,0.1,304.1,3.09,5.3,0.0
2020-06-21,11:00,27.89,335.1,0.0,0.0,122000000000.0,99.8,0.1,290.3,3.154,5.1,0.0
2020-06-21,12:00,27.89,335.1,3.4,56.8,163000000000.0,96.8,0.3,268.0,3.769,4.4,1.0
2020-06-21,12:00,27.89,335.1,3.6,68.3,163000000000.0,96.8,0.3,268.0,3.769,4.4,1.0
2020-06-21,13:00,27.89,335.1,3.5,17.1,223000000000.0,97.6,0.2,252.0,4.573,5.7,1.0
2020-06-21,14:00,27.89,335.1,3.7,63.9,286000000000.0,98.1,0.2,254.9,5.114,8.0,1.0
2020-06-21,14:00,27.89,335.1,3.4,31.7,286000000000.0,98.1,0.2,254.9,5.114,8.0,1.0
2020-06-21,15:00,27.89,335.1,0.0,0.0,345000000000.0,98.3,0.1,272.7,5.402,10.3,0.0
2020-06-21,16:00,27.89,335.1,3.9,18.0,413000000000.0,98.6,0.1,291.0,5.785,11.7,1.0
2020-06-21,17:00,27.89,335.1,3.7,11.9,516000000000.0,98.8,0.1,302.2,6.451,12.8,1.0
2020-06-21,17:00,27.89,335.1,3.6,28.1,516000000000.0,98.8,0.1,302.2,6.451,12.8,1.0
2020-06-21,18:00,27.89,335.1,3.3,17.0,649000000000.0,99.0,0.1,308.0,7.251,14.0,1.0
2020-06-21,19:00,27.89,335.1,0.0,0.0,775000000000.0,99.1,0.1,309.2,7.932,15.2,0.0
2020-06-21,20:00,27.89,335.1,3.8,43.5,865000000000.0,99.2,0.1,305.7,8.366,16.4,1.0
2020-06-21,20:00,27.89,335.1,3.6,72.4,865000000000.0,99.2,0.1,305.7,8.366,16.4,1.0
2020-06-21,21:00,27.89,335.1,3.4,4.4,910000000000.0,99.2,0.1,302.8,8.57,14.8,1.0
2020-06-21,21:00,27.89,335.1,3.6,53.9,910000000000.0,99.2,0.1,302.8,8.57,14.8,1.0
2020-06-21,22:00,27.89,335.1,0.0,0.0,917000000000.0,99.2,0.1,300.6,8.6,15.6,0.0
2020-06-21,23:00,27.89,335.1,3.7,119.6,880000000000.0,99.2,0.1,296.4,8.431,16.1,1.0
2020-06-21,23:00,27.89,335.1,3.8,3.2,880000000000.0,99.2,0.1,296.4,8.431,16.1,1.0
2020-06-22,01:00,27.89,335.1,3.5,16.2,626000000000.0,99.0,0.0,287.8,7.152,16.1,1.0
2020-06-22,01:00,27.89,335.1,3.7,115.4,626000000000.0,99.0,0.0,287.8,7.152,16.1,1.0
2020-06-22,02:00,27.89,335.1,4.0,10.5,481000000000.0,99.9,0.0,288.4,6.262,15.1,1.0
2020-06-22,03:00,27.89,335.1,3.5,16.1,377000000000.0,99.9,0.0,301.6,5.517,11.4,1.0
2020-06-22,03:00,27.89,335.1,3.6,25.4,377000000000.0,99.9,0.0,301.6,5.517,11.4,1.0
2020-06-22,04:00,27.89,335.1,3.8,25.9,278000000000.0,99.9,0.0,316.3,4.941,9.4,1.0
2020-06-22,04:00,27.89,335.1,3.3,8.7,278000000000.0,99.9,0.0,316.3,4.941,9.4,1.0
2020-06-22,05:00,27.89,335.1,3.8,63.8,216000000000.0,99.9,0.0,320.8,4.425,8.6,1.0
2020-06-22,06:00,27.89,335.1,0.0,0.0,186000000000.0,99.9,0.0,315.9,3.994,7.6,0.0
2020-06-22,07:00,27.89,335.1,3.4,19.1,173000000000.0,99.9,0.0,307.8,3.761,6.3,1.0
2020-06-22,08:00,27.89,335.1,0.0,0.0,163000000000.0,99.9,0.1,304.4,3.632,6.3,0.0
2020-06-22,09:00,27.89,335.1,0.0,0.0,141000000000.0,99.9,0.1,305.8,3.386,6.3,0.0
2020-06-22,10:00,27.89,335.1,3.7,61.1,118000000000.0,99.9,0.1,304.0,3.092,5.1,1.0
2020-06-22,11:00,27.89,335.1,0.0,0.0,123000000000.0,99.8,0.1,290.3,3.155,4.8,0.0
2020-06-22,12:00,27.89,335.1,0.0,0.0,163000000000.0,96.9,0.2,268.0,3.761,3.9,0.0
2020-06-22,13:00,27.89,335.1,0.0,0.0,222000000000.0,97.6,0.2,252.1,4.56,5.3,0.0
2020-06-22,14:00,27.89,335.1,0.0,0.0,284000000000.0,98.1,0.1,255.0,5.103,8.3,0.0
2020-06-22,15:00,27.89,335.1,3.4,10.0,343000000000.0,98.3,0.1,272.7,5.388,11.3,1.0
2020-06-22,16:00,27.89,335.1,0.0,0.0,410000000000.0,98.6,0.1,290.9,5.764,12.5,0.0
2020-06-22,17:00,27.89,335.1,3.7,6.5,512000000000.0,98.8,0.1,302.1,6.426,13.5,1.0
2020-06-22,18:00,27.89,335.1,4.1,15.0,645000000000.0,99.0,0.1,307.9,7.227,14.0,1.0
2020-06-22,19:00,27.89,335.1,0.0,0.0,770000000000.0,99.1,0.1,309.1,7.907,16.0,0.0
2020-06-22,20:00,27.89,335.1,3.6,12.2,860000000000.0,99.2,0.1,305.6,8.341,18.2,1.0
2020-06-22,21:00,27.89,335.1,3.4,102.1,906000000000.0,99.2,0.1,302.7,8.55,19.2,1.0
2020-06-22,22:00,27.89,335.1,0.0,0.0,914000000000.0,99.2,0.1,300.5,8.585,19.2,0.0
2020-06-22,23:00,27.89,335.1,0.0,0.0,877000000000.0,99.2,0.1,296.2,8.416,18.4,0.0
2020-06-23,01:00,27.89,335.1,5.2,12.0,624000000000.0,99.0,0.0,287.5,7.137,18.4,1.0
2020-06-23,02:00,27.89,335.1,3.4,18.6,479000000000.0,99.9,0.0,288.2,6.251,16.9,1.0
2020-06-23,03:00,27.89,335.1,0.0,0.0,375000000000.0,99.9,0.0,301.6,5.504,12.2,0.0
2020-06-23,04:00,27.89,335.1,3.9,15.9,276000000000.0,99.9,0.0,316.3,4.927,9.5,1.0
2020-06-23,04:00,27.89,335.1,3.6,10.8,276000000000.0,99.9,0.0,316.3,4.927,9.5,1.0
2020-06-23,05:00,27.89,335.1,3.9,16.7,215000000000.0,99.9,0.0,320.8,4.415,8.8,1.0
2020-06-23,06:00,27.89,335.1,0.0,0.0,186000000000.0,99.9,0.0,315.9,3.99,7.2,0.0
2020-06-23,07:00,27.89,335.1,0.0,0.0,172000000000.0,99.9,0.1,307.8,3.754,6.6,0.0
2020-06-23,08:00,27.89,335.1,3.3,4.6,162000000000.0,99.9,0.1,304.4,3.621,6.4,1.0
2020-06-23,09:00,27.89,335.1,3.5,99.4,140000000000.0,99.9,0.1,305.7,3.379,7.0,1.0
2020-06-23,09:00,27.89,335.1,3.7,104.5,140000000000.0,99.9,0.1,305.7,3.379,7.0,1.0
2020-06-23,10:00,27.89,335.1,3.5,15.4,118000000000.0,99.9,0.1,304.0,3.095,5.5,1.0
2020-06-23,10:00,27.89,335.1,3.5,11.9,118000000000.0,99.9,0.1,304.0,3.095,5.5,1.0
2020-06-23,11:00,27.89,335.1,3.8,16.1,123000000000.0,99.8,0.1,290.3,3.157,5.4,1.0
2020-06-23,11:00,27.89,335.1,3.9,16.1,123000000000.0,99.8,0.1,290.3,3.157,5.4,1.0
2020-06-23,11:00,27.89,335.1,4.0,10.0,123000000000.0,99.8,0.1,290.3,3.157,5.4,1.0
2020-06-23,12:00,27.89,335.1,3.6,16.4,162000000000.0,96.8,0.3,268.1,3.753,5.4,1.0
2020-06-23,12:00,27.89,335.1,3.9,16.1,162000000000.0,96.8,0.3,268.1,3.753,5.4,1.0
2020-06-23,13:00,27.89,335.1,0.0,0.0,221000000000.0,97.6,0.2,252.2,4.546,6.4,0.0
2020-06-23,14:00,27.89,335.1,0.0,0.0,283000000000.0,98.1,0.1,255.0,5.091,9.0,0.0
2020-06-23,15:00,27.84,335.4,3.8,17.4,3412100.0,98.2,0.4,272.6,5.373,10.9,1.0
2020-06-23,15:00,27.85,335.3,7.4,22.8,34121000.0,98.1,0.3,272.6,5.373,10.9,1.0
2020-06-23,15:00,27.86,335.2,3.8,4.2,341210000.0,98.0,0.2,272.4,5.373,10.9,1.0
2020-06-23,15:00,27.87,335.1,3.7,43.3,3412100000.0,98.1,0.1,272.6,5.373,10.9,1.0
2020-06-23,15:00,27.88,335.0,3.9,15.3,34121000000.0,98.2,0.0,272.6,5.373,10.9,1.0
2020-06-23,16:00,27.79,335.9,3.4,11.5,41.0,98.5,0.9,290.2,5.733,4.4,1.0
2020-06-23,16:00,27.8,335.8,3.3,2.7,407.0,98.4,0.8,290.1,5.734,5.4,1.0
2020-06-23,16:00,27.81,335.7,4.2,12.1,4066.0,98.3,0.7,290.0,5.735,6.4,1.0
2020-06-23,16:00,27.82,335.6,3.7,23.9,40657.0,98.2,0.6,290.1,5.736,7.4,1.0
2020-06-23,16:00,27.83,335.5,3.6,5.0,406570.0,98.1,0.5,290.2,5.737,8.4,1.0
2020-06-23,16:00,27.84,335.4,4.6,9.7,4065700.0,98.0,0.4,290.3,5.738,9.4,1.0
2020-06-23,16:00,27.85,335.3,3.4,18.0,40657000.0,98.1,0.3,290.4,5.739,10.4,1.0
2020-06-23,16:00,27.86,335.2,3.6,5.2,406570000.0,98.2,0.2,290.5,5.74,11.4,1.0
2020-06-23,16:00,27.87,335.1,3.8,29.8,4065700000.0,98.3,0.1,290.6,5.741,12.4,1.0
2020-06-23,16:00,27.88,335.0,3.8,8.9,40657000000.0,98.4,0.0,290.7,5.742,13.4,1.0
2020-06-23,16:00,27.89,335.1,3.8,24.4,407000000000.0,98.5,0.1,290.8,5.743,14.4,1.0
2020-06-23,17:00,27.89,335.1,4.0,7.0,508000000000.0,98.8,0.1,301.9,6.401,15.9,1.0
2020-06-23,17:00,27.74,335.14,3.5,5.7,508.0,98.7,0.14,301.9,6.402,15.9,1.0
2020-06-23,17:00,27.75,335.13,3.9,8.5,51.0,98.6,0.13,301.9,6.403,15.9,1.0
2020-06-23,17:00,27.76,335.12,4.0,15.7,5.0,98.5,0.12,301.9,6.404,15.9,1.0
2020-06-23,17:00,27.77,335.11,4.2,25.7,1.0,98.4,0.11,301.9,6.405,15.9,1.0
2020-06-23,17:00,27.78,335.1,3.8,12.0,5.0,98.3,0.1,301.9,6.406,15.9,1.0
2020-06-23,17:00,27.79,335.9,3.8,17.6,51.0,98.2,0.9,301.9,6.407,15.9,1.0
2020-06-23,17:00,27.8,335.8,3.6,7.4,508.0,98.1,0.8,301.9,6.408,15.9,1.0
2020-06-23,17:00,27.81,335.7,3.9,14.9,5080.0,98.0,0.7,301.9,6.409,15.9,1.0
2020-06-23,17:00,27.82,335.6,3.8,15.7,50803.0,98.1,0.6,301.9,6.41,15.9,1.0
2020-06-23,17:00,27.83,335.5,4.0,22.6,508030.0,98.2,0.5,301.9,6.411,15.9,1.0
2020-06-23,17:00,27.84,335.4,4.2,25.2,5080300.0,98.3,0.4,301.9,6.412,15.9,1.0
2020-06-23,17:00,27.85,335.3,4.2,5.9,50803000.0,98.4,0.3,301.9,6.413,15.9,1.0
2020-06-23,17:00,27.86,335.2,4.0,12.6,508030000.0,98.5,0.2,301.9,6.414,15.9,1.0
2020-06-23,17:00,27.87,335.1,4.1,17.3,5080300000.0,98.6,0.1,301.9,6.415,15.9,1.0
2020-06-23,17:00,27.88,335.0,4.2,10.0,50803000000.0,98.7,0.0,301.9,6.416,15.9,1.0
2020-06-23,17:00,27.89,335.1,4.5,23.5,508000000000.0,98.8,0.1,301.9,6.417,15.9,1.0
2020-06-23,18:00,27.89,335.1,4.2,18.8,641000000000.0,99.0,0.1,307.7,7.202,16.7,1.0
2020-06-23,18:00,27.89,335.1,4.3,18.2,641000000000.0,99.0,0.1,307.7,7.202,16.7,1.0
2020-06-23,18:00,27.89,335.1,4.3,16.0,641000000000.0,99.0,0.1,307.7,7.202,16.7,1.0
2020-06-23,18:00,27.89,335.1,4.8,8.6,641000000000.0,99.0,0.1,307.7,7.202,16.7,1.0
2020-06-23,19:00,27.89,335.1,3.9,22.9,765000000000.0,99.1,0.1,309.0,7.883,17.4,1.0
2020-06-23,19:00,27.89,335.1,3.9,16.5,765000000000.0,99.1,0.1,309.0,7.883,17.4,1.0
2020-06-23,20:00,27.89,335.1,3.9,40.0,855000000000.0,99.2,0.1,305.5,8.316,18.7,1.0
2020-06-23,20:00,27.89,335.1,4.0,12.5,855000000000.0,99.2,0.1,305.5,8.316,18.7,1.0
2020-06-23,20:00,27.89,335.1,4.3,13.7,855000000000.0,99.2,0.1,305.5,8.316,18.7,1.0
2020-06-23,20:00,27.89,335.1,4.0,8.7,855000000000.0,99.2,0.1,305.5,8.316,18.7,1.0
2020-06-23,20:00,27.89,335.1,3.9,3.6,855000000000.0,99.2,0.1,305.5,8.316,18.7,1.0
2020-06-23,20:00,27.89,335.1,3.7,9.4,855000000000.0,99.2,0.1,305.5,8.316,18.7,1.0
2020-06-23,21:00,27.89,335.1,4.7,14.2,901000000000.0,99.2,0.1,302.6,8.529,18.3,1.0
2020-06-23,21:00,27.89,335.1,3.6,8.7,901000000000.0,99.2,0.1,302.6,8.529,18.3,1.0
2020-06-23,21:00,27.89,335.1,4.5,16.4,901000000000.0,99.2,0.1,302.6,8.529,18.3,1.0
2020-06-23,21:00,27.89,335.1,3.8,27.7,901000000000.0,99.2,0.1,302.6,8.529,18.3,1.0
2020-06-23,21:00,27.89,335.1,4.1,12.9,901000000000.0,99.2,0.1,302.6,8.529,18.3,1.0
2020-06-23,21:00,27.89,335.1,3.7,9.0,901000000000.0,99.2,0.1,302.6,8.529,18.3,1.0
2020-06-23,21:00,27.89,335.1,3.8,16.6,901000000000.0,99.2,0.1,302.6,8.529,18.3,1.0
2020-06-23,22:00,27.89,335.1,3.9,6.5,911000000000.0,99.2,0.1,300.3,8.57,19.0,1.0
2020-06-23,22:00,27.89,335.1,3.8,16.1,911000000000.0,99.2,0.1,300.3,8.57,19.0,1.0
2020-06-23,22:00,27.89,335.1,3.6,13.4,911000000000.0,99.2,0.1,300.3,8.57,19.0,1.0
2020-06-23,22:00,27.89,335.1,3.7,12.6,911000000000.0,99.2,0.1,300.3,8.57,19.0,1.0
2020-06-23,22:00,27.89,335.1,3.6,12.9,911000000000.0,99.2,0.1,300.3,8.57,19.0,1.0
2020-06-23,22:00,27.89,335.1,3.7,19.4,911000000000.0,99.2,0.1,300.3,8.57,19.0,1.0
2020-06-23,22:00,27.89,335.1,4.1,18.2,911000000000.0,99.2,0.1,300.3,8.57,19.0,1.0
2020-06-23,23:00,27.89,335.1,4.2,17.2,874000000000.0,99.2,0.1,296.0,8.402,18.0,1.0
2020-06-23,23:00,27.89,335.1,4.1,15.6,874000000000.0,99.2,0.1,296.0,8.402,18.0,1.0
2020-06-23,23:00,27.89,335.1,4.1,18.8,874000000000.0,99.2,0.1,296.0,8.402,18.0,1.0
2020-06-23,23:00,27.89,335.1,3.4,15.2,874000000000.0,99.2,0.1,296.0,8.402,18.0,1.0
2020-06-24,01:00,27.89,335.1,3.4,11.3,621000000000.0,99.0,0.0,287.3,7.123,16.4,1.0
2020-06-24,02:00,27.89,335.1,3.4,5.8,477000000000.0,99.9,0.0,288.1,6.24,15.2,1.0
2020-06-24,02:00,27.89,335.1,4.2,11.8,477000000000.0,99.9,0.0,288.1,6.24,15.2,1.0
2020-06-24,02:00,27.89,335.1,5.5,12.0,477000000000.0,99.9,0.0,288.1,6.24,15.2,1.0
2020-06-24,02:00,27.89,335.1,4.1,17.1,477000000000.0,99.9,0.0,288.1,6.24,15.2,1.0
2020-06-24,03:00,27.89,335.1,4.1,52.1,374000000000.0,99.9,0.0,301.6,5.492,14.2,1.0
2020-06-24,03:00,27.89,335.1,4.8,4.9,374000000000.0,99.9,0.0,301.6,5.492,14.2,1.0
2020-06-24,03:00,27.89,335.1,4.5,21.0,374000000000.0,99.9,0.0,301.6,5.492,14.2,1.0
2020-06-24,03:00,27.89,335.1,3.7,19.2,374000000000.0,99.9,0.0,301.6,5.492,14.2,1.0
2020-06-24,03:00,27.89,335.1,4.4,14.8,374000000000.0,99.9,0.0,301.6,5.492,14.2,1.0
2020-06-24,04:00,27.89,335.1,3.6,18.2,275000000000.0,99.9,0.0,316.3,4.912,12.4,1.0
2020-06-24,04:00,27.89,335.1,3.3,10.2,275000000000.0,99.9,0.0,316.3,4.912,12.4,1.0
2020-06-24,04:00,27.89,335.1,3.4,2.9,275000000000.0,99.9,0.0,316.3,4.912,12.4,1.0
2020-06-24,04:00,27.89,335.1,3.5,5.0,275000000000.0,99.9,0.0,316.3,4.912,12.4,1.0
2020-06-24,04:00,27.89,335.1,3.5,27.3,275000000000.0,99.9,0.0,316.3,4.912,12.4,1.0
2020-06-24,04:00,27.89,335.1,3.8,17.0,275000000000.0,99.9,0.0,316.3,4.912,12.4,1.0
2020-06-24,04:00,27.89,335.1,3.5,30.6,275000000000.0,99.9,0.0,316.3,4.912,12.4,1.0
2020-06-24,05:00,27.89,335.1,3.8,6.0,214000000000.0,99.9,0.0,320.7,4.406,10.8,1.0
2020-06-24,05:00,27.89,335.1,3.7,45.2,214000000000.0,99.9,0.0,320.7,4.406,10.8,1.0
2020-06-24,05:00,27.89,335.1,3.9,22.9,214000000000.0,99.9,0.0,320.7,4.406,10.8,1.0
2020-06-24,05:00,27.89,335.1,3.9,13.7,214000000000.0,99.9,0.0,320.7,4.406,10.8,1.0
2020-06-24,05:00,27.89,335.1,3.4,37.9,214000000000.0,99.9,0.0,320.7,4.406,10.8,1.0
2020-06-24,05:00,27.89,335.1,3.9,37.1,214000000000.0,99.9,0.0,320.7,4.406,10.8,1.0
2020-06-24,05:00,27.89,335.1,3.9,11.3,214000000000.0,99.9,0.0,320.7,4.406,10.8,1.0
2020-06-24,06:00,27.89,335.1,3.6,15.0,185000000000.0,99.9,0.0,315.8,3.986,9.1,1.0
2020-06-24,06:00,27.89,335.1,4.0,16.1,185000000000.0,99.9,0.0,315.8,3.986,9.1,1.0
2020-06-24,06:00,27.89,335.1,3.9,17.9,185000000000.0,99.9,0.0,315.8,3.986,9.1,1.0
2020-06-24,06:00,27.89,335.1,3.5,12.5,185000000000.0,99.9,0.0,315.8,3.986,9.1,1.0
2020-06-24,06:00,27.89,335.1,3.6,11.4,185000000000.0,99.9,0.0,315.8,3.986,9.1,1.0
2020-06-24,06:00,27.89,335.1,3.8,9.6,185000000000.0,99.9,0.0,315.8,3.986,9.1,1.0
2020-06-24,07:00,27.89,335.1,3.9,5.8,172000000000.0,99.9,0.1,307.7,3.747,8.2,1.0
2020-06-24,07:00,27.89,335.1,3.7,7.9,172000000000.0,99.9,0.1,307.7,3.747,8.2,1.0
2020-06-24,07:00,27.89,335.1,3.6,38.4,172000000000.0,99.9,0.1,307.7,3.747,8.2,1.0
2020-06-24,07:00,27.89,335.1,4.2,15.2,172000000000.0,99.9,0.1,307.7,3.747,8.2,1.0
2020-06-24,07:00,27.89,335.1,3.9,12.0,172000000000.0,99.9,0.1,307.7,3.747,8.2,1.0
2020-06-24,07:00,27.89,335.1,3.9,12.0,172000000000.0,99.9,0.1,307.7,3.747,8.2,1.0
2020-06-24,08:00,27.89,335.1,4.0,10.0,161000000000.0,99.9,0.1,304.3,3.609,7.7,1.0
2020-06-24,08:00,27.89,335.1,3.8,58.7,161000000000.0,99.9,0.1,304.3,3.609,7.7,1.0
2020-06-24,08:00,27.89,335.1,4.0,53.9,161000000000.0,99.9,0.1,304.3,3.609,7.7,1.0
2020-06-24,08:00,27.89,335.1,4.1,16.2,161000000000.0,99.9,0.1,304.3,3.609,7.7,1.0
2020-06-24,08:00,27.89,335.1,3.9,4.5,161000000000.0,99.9,0.1,304.3,3.609,7.7,1.0
2020-06-24,09:00,27.89,335.1,3.9,17.3,140000000000.0,99.9,0.1,305.7,3.372,8.0,1.0
2020-06-24,09:00,27.89,335.1,3.8,18.1,140000000000.0,99.9,0.1,305.7,3.372,8.0,1.0
2020-06-24,09:00,27.89,335.1,4.0,23.9,140000000000.0,99.9,0.1,305.7,3.372,8.0,1.0
2020-06-24,09:00,27.89,335.1,3.7,14.5,140000000000.0,99.9,0.1,305.7,3.372,8.0,1.0
2020-06-24,10:00,27.89,335.1,4.1,14.4,119000000000.0,99.9,0.1,304.0,3.098,6.3,1.0
2020-06-24,10:00,27.89,335.1,4.1,14.4,119000000000.0,99.9,0.1,304.0,3.098,6.3,1.0
2020-06-24,11:00,27.89,335.1,3.3,4.5,123000000000.0,99.8,0.1,290.3,3.159,5.9,1.0
2020-06-24,11:00,27.89,335.1,4.1,10.8,123000000000.0,99.8,0.1,290.3,3.159,5.9,1.0
2020-06-24,12:00,27.89,335.1,3.8,10.0,161000000000.0,96.8,0.3,268.1,3.745,5.4,1.0
2020-06-24,12:00,27.89,335.1,3.9,35.9,161000000000.0,96.8,0.3,268.1,3.745,5.4,1.0
2020-06-24,13:00,27.89,335.1,4.0,47.0,220000000000.0,97.6,0.2,252.3,4.533,6.3,1.0
2020-06-24,14:00,27.89,335.1,3.9,15.6,282000000000.0,98.1,0.2,255.1,5.079,8.8,1.0
2020-06-24,14:00,27.89,335.1,3.8,22.5,282000000000.0,98.1,0.2,255.1,5.079,8.8,1.0
2020-06-24,15:00,27.89,335.1,4.1,20.8,339000000000.0,98.3,0.1,272.6,5.36,11.2,1.0
2020-06-24,16:00,27.89,335.1,4.2,50.5,404000000000.0,98.5,0.1,290.7,5.722,13.3,1.0
2020-06-24,17:00,27.89,335.1,3.8,38.1,504000000000.0,98.8,0.1,301.8,6.376,14.2,1.0
2020-06-24,17:00,27.89,335.1,3.5,14.5,504000000000.0,98.8,0.1,301.8,6.376,14.2,1.0
2020-06-24,17:00,27.89,335.1,3.9,18.6,504000000000.0,98.8,0.1,301.8,6.376,14.2,1.0
2020-06-24,18:00,27.89,335.1,4.4,11.7,637000000000.0,99.0,0.1,307.6,7.178,14.2,1.0
2020-06-24,18:00,27.89,335.1,4.1,7.2,637000000000.0,99.0,0.1,307.6,7.178,14.2,1.0
2020-06-24,18:00,27.89,335.1,3.5,4.1,637000000000.0,99.0,0.1,307.6,7.178,14.2,1.0
2020-06-24,18:00,27.89,335.1,4.0,3.0,637000000000.0,99.0,0.1,307.6,7.178,14.2,1.0
2020-06-24,18:00,27.89,335.1,4.2,47.6,637000000000.0,99.0,0.1,307.6,7.178,14.2,1.0
2020-06-24,19:00,27.89,335.1,4.1,9.8,761000000000.0,99.1,0.1,308.8,7.858,14.4,1.0
2020-06-24,19:00,27.89,335.1,4.0,12.0,761000000000.0,99.1,0.1,308.8,7.858,14.4,1.0
2020-06-24,19:00,27.89,335.1,4.3,14.8,761000000000.0,99.1,0.1,308.8,7.858,14.4,1.0
2020-06-24,20:00,27.89,335.1,4.8,16.1,850000000000.0,99.2,0.1,305.4,8.291,17.5,1.0
2020-06-24,20:00,27.89,335.1,3.6,14.1,850000000000.0,99.2,0.1,305.4,8.291,17.5,1.0
2020-06-24,21:00,27.89,335.1,4.2,9.6,897000000000.0,99.2,0.1,302.4,8.509,19.3,1.0
2020-06-24,21:00,27.89,335.1,3.8,15.1,897000000000.0,99.2,0.1,302.4,8.509,19.3,1.0
2020-06-24,22:00,27.89,335.1,4.0,10.0,908000000000.0,99.2,0.1,300.2,8.556,21.6,1.0
2020-06-24,22:00,27.89,335.1,4.0,5.0,908000000000.0,99.2,0.1,300.2,8.556,21.6,1.0
2020-06-24,23:00,27.89,335.1,4.0,4.1,871000000000.0,99.2,0.1,295.8,8.388,20.0,1.0
2020-06-24,23:00,27.89,335.1,3.6,34.5,871000000000.0,99.2,0.1,295.8,8.388,20.0,1.0
2020-06-25,01:00,27.89,335.1,3.5,12.7,618000000000.0,99.0,0.0,287.0,7.108,20.3,1.0
2020-06-25,01:00,27.89,335.1,3.8,15.1,618000000000.0,99.0,0.0,287.0,7.108,20.3,1.0
2020-06-25,01:00,27.89,335.1,3.9,16.4,618000000000.0,99.0,0.0,287.0,7.108,20.3,1.0
2020-06-25,02:00,27.89,335.1,4.0,99.5,476000000000.0,99.9,0.0,288.0,6.229,18.1,1.0
2020-06-25,02:00,27.89,335.1,3.7,10.9,476000000000.0,99.9,0.0,288.0,6.229,18.1,1.0
2020-06-25,03:00,27.89,335.1,3.9,44.7,372000000000.0,99.9,0.0,301.6,5.48,15.0,1.0
2020-06-25,03:00,27.89,335.1,3.7,17.0,372000000000.0,99.9,0.0,301.6,5.48,15.0,1.0
2020-06-25,03:00,27.89,335.1,4.1,13.7,372000000000.0,99.9,0.0,301.6,5.48,15.0,1.0
2020-06-25,04:00,27.89,335.1,3.7,17.0,273000000000.0,99.9,0.0,316.3,4.898,10.9,1.0
2020-06-25,04:00,27.89,335.1,4.2,19.3,273000000000.0,99.9,0.0,316.3,4.898,10.9,1.0
2020-06-25,04:00,27.89,335.1,3.3,52.6,273000000000.0,99.9,0.0,316.3,4.898,10.9,1.0
2020-06-25,04:00,27.89,335.1,3.7,16.1,273000000000.0,99.9,0.0,316.3,4.898,10.9,1.0
2020-06-25,04:00,27.89,335.1,3.9,8.5,273000000000.0,99.9,0.0,316.3,4.898,10.9,1.0
2020-06-25,04:00,27.89,335.1,3.5,11.3,273000000000.0,99.9,0.0,316.3,4.898,10.9,1.0
2020-06-25,04:00,27.89,335.1,4.2,17.5,273000000000.0,99.9,0.0,316.3,4.898,10.9,1.0
2020-06-25,04:00,27.89,335.1,3.8,18.7,273000000000.0,99.9,0.0,316.3,4.898,10.9,1.0
2020-06-25,05:00,27.89,335.1,3.9,47.4,214000000000.0,99.9,0.0,320.7,4.396,6.5,1.0
2020-06-25,05:00,27.89,335.1,3.9,35.1,214000000000.0,99.9,0.0,320.7,4.396,6.5,1.0
2020-06-25,05:00,27.89,335.1,4.0,27.1,214000000000.0,99.9,0.0,320.7,4.396,6.5,1.0
2020-06-25,05:00,27.89,335.1,4.3,8.7,214000000000.0,99.9,0.0,320.7,4.396,6.5,1.0
2020-06-25,06:00,27.89,335.1,3.9,19.7,185000000000.0,99.9,0.0,315.8,3.982,4.9,1.0
2020-06-25,06:00,27.89,335.1,3.4,17.0,185000000000.0,99.9,0.0,315.8,3.982,4.9,1.0
2020-06-25,06:00,27.89,335.1,3.9,36.9,185000000000.0,99.9,0.0,315.8,3.982,4.9,1.0
2020-06-25,07:00,27.89,335.1,3.6,13.4,171000000000.0,99.9,0.0,307.7,3.741,4.6,1.0
2020-06-25,07:00,27.89,335.1,3.9,28.2,171000000000.0,99.9,0.0,307.7,3.741,4.6,1.0
2020-06-25,07:00,27.89,335.1,4.0,27.1,171000000000.0,99.9,0.0,307.7,3.741,4.6,1.0
2020-06-25,07:00,27.89,335.1,3.5,12.4,171000000000.0,99.9,0.0,307.7,3.741,4.6,1.0
2020-06-25,07:00,27.89,335.1,3.8,15.7,171000000000.0,99.9,0.0,307.7,3.741,4.6,1.0
2020-06-25,08:00,27.89,335.1,4.0,64.5,160000000000.0,99.9,0.1,304.3,3.598,4.6,1.0
2020-06-25,09:00,27.89,335.1,3.9,14.6,139000000000.0,99.9,0.1,305.6,3.366,4.8,1.0
2020-06-25,09:00,27.89,335.1,4.0,13.9,139000000000.0,99.9,0.1,305.6,3.366,4.8,1.0
2020-06-25,09:00,27.89,335.1,3.8,12.5,139000000000.0,99.9,0.1,305.6,3.366,4.8,1.0
2020-06-25,09:00,27.89,335.1,3.7,12.9,139000000000.0,99.9,0.1,305.6,3.366,4.8,1.0
2020-06-25,10:00,27.89,335.1,4.0,15.0,119000000000.0,99.9,0.1,303.9,3.1,4.4,1.0
2020-06-25,10:00,27.89,335.1,3.6,15.0,119000000000.0,99.9,0.1,303.9,3.1,4.4,1.0
2020-06-25,10:00,27.89,335.1,3.5,15.0,119000000000.0,99.9,0.1,303.9,3.1,4.4,1.0
2020-06-25,11:00,27.89,335.1,3.8,10.8,123000000000.0,99.8,0.1,290.3,3.161,4.5,1.0
2020-06-25,12:00,27.89,335.1,3.4,39.2,161000000000.0,96.8,0.2,268.2,3.737,4.1,1.0
2020-06-25,12:00,27.89,335.1,3.9,10.2,161000000000.0,96.8,0.2,268.2,3.737,4.1,1.0
2020-06-25,12:00,27.89,335.1,4.1,10.0,161000000000.0,96.8,0.2,268.2,3.737,4.1,1.0
2020-06-25,12:00,27.89,335.1,3.6,19.9,161000000000.0,96.8,0.2,268.2,3.737,4.1,1.0
2020-06-25,13:00,27.89,335.1,3.8,17.6,219000000000.0,97.6,0.2,252.4,4.52,5.0,1.0
2020-06-25,13:00,27.89,335.1,3.9,5.0,219000000000.0,97.6,0.2,252.4,4.52,5.0,1.0
2020-06-25,13:00,27.89,335.1,4.3,8.0,219000000000.0,97.6,0.2,252.4,4.52,5.0,1.0
2020-06-25,14:00,27.89,335.1,4.1,10.3,281000000000.0,98.1,0.1,255.1,5.068,7.7,1.0
2020-06-25,14:00,27.89,335.1,3.5,9.3,281000000000.0,98.1,0.1,255.1,5.068,7.7,1.0
2020-06-25,14:00,27.89,335.1,3.5,11.9,281000000000.0,98.1,0.1,255.1,5.068,7.7,1.0
2020-06-25,14:00,27.89,335.1,4.1,28.8,281000000000.0,98.1,0.1,255.1,5.068,7.7,1.0
2020-06-25,15:00,27.89,335.1,3.9,16.5,338000000000.0,98.3,0.1,272.6,5.346,9.2,1.0
2020-06-25,15:00,27.89,335.1,3.9,15.8,338000000000.0,98.3,0.1,272.6,5.346,9.2,1.0
2020-06-25,15:00,27.89,335.1,3.5,15.0,338000000000.0,98.3,0.1,272.6,5.346,9.2,1.0
2020-06-25,16:00,27.89,335.1,3.8,17.0,400000000000.0,98.5,0.1,290.5,5.7,9.9,1.0
2020-06-25,17:00,27.89,335.1,0.0,0.0,500000000000.0,98.8,0.1,301.6,6.351,12.0,0.0
2020-06-25,18:00,27.89,335.1,0.0,0.0,632000000000.0,99.0,0.1,307.4,7.154,13.2,0.0
2020-06-25,19:00,27.89,335.1,0.0,0.0,756000000000.0,99.1,0.1,308.7,7.834,14.5,0.0
2020-06-25,20:00,27.89,335.1,0.0,0.0,845000000000.0,99.2,0.1,305.2,8.266,16.5,0.0
2020-06-25,21:00,27.89,335.1,0.0,0.0,893000000000.0,99.2,0.1,302.3,8.488,16.2,0.0
2020-06-25,22:00,27.89,335.1,0.0,0.0,905000000000.0,99.2,0.1,300.0,8.541,17.0,0.0
2020-06-25,23:00,27.89,335.1,3.7,10.0,868000000000.0,99.2,0.1,295.6,8.373,16.7,1.0
